"country","countryCode","date","isVerified","position","productAsin","ratingScore","reviewDescription","reviewImages/0","reviewImages/1","reviewImages/2","reviewImages/3","reviewImages/4","reviewImages/5","reviewImages/6","reviewImages/7","reviewImages/8","reviewImages/9","reviewImages/10","reviewImages/11","reviewImages/12","reviewReaction","reviewTitle","reviewUrl","reviewedIn","variant"
"India","🇮🇳","2023-02-01","true","1","B08TV2P1N8","4","Very good sound quality, paunchy bass, high volume no distortion, for calling mic is very sensitive.Materials some where very good but some parts still plastic. At the reason it's feel like cheap. Wears are flat, buttons are good but sound plus is down & minus is up sided , that's very difficulty for users.10 mm drivers get very loud and clean sound.Battery life (300Ah) company claim @50-60℅ volume get upto 40 hours. At my all rounder usage it's upto 4 days only. It's very good for it's price range.","https://m.media-amazon.com/images/I/61QNcfjhaoL._SY88.jpg","https://m.media-amazon.com/images/I/71JlqAVqGqL._SY88.jpg","https://m.media-amazon.com/images/I/519kSaPy03L._SY88.jpg","https://m.media-amazon.com/images/I/51UwkQdb4UL._SY88.jpg","https://m.media-amazon.com/images/I/61KtRCVxhmL._SY88.jpg","https://m.media-amazon.com/images/I/61j+73C7U1L._SY88.jpg",,,,,,,,"8 people found this helpful","Nice product","https://www.amazon.in/gp/customer-reviews/RW60UOQBIQJWQ/ref=cm_cr_arp_d_rvw_ttl?ie=UTF8&ASIN=B08TV2P1N8","Reviewed in India 🇮🇳 on 1 February 2023","Colour: Teal GreenStyle name: W/o Smart On/Off"
"India","🇮🇳","2022-08-09","true","2","B08TV2P1N8","4","Writing this review after 10 months of usage. First about the product itself.  It's sound quality is very good. Bass lovers will just love it. Average mids and high.  It lasts about 25-28 hrs with a full charge. Also tested on heavy rain while driving ( don't worry , earphones were not plugged in.. 😂). It was on my neck. But there was no water ingress.Now the major problem kicks in . After 10 months left speaker was not working. So , I registered a complaint on boat website. They picked my earphone for replacement.  But later it was replaced with "" rockerz 255 pro "" instead of "" rockerz 255 pro + "" . Why ? Even after a lot of conversations with boat support they didn't provide me my model . Now I've to stick with these low quality ear peace. Hence ,Try to avoid boat online support for warranty claim and better visit physical service entre. Good luck.Edit : After having conversation with higher authorities on Twitter, they replaced the same with my model .Edit 2 : from first day onwards after receiving the replacement product I was in doubt that the sound quality was decreased a lot. So, again I replaced with the authorized service centre for flat ( no/ very low bass)  sound.  But the 2nd replacement is also same. I thought I've some issues with my ear lol 😆 . But today when I listened to my friends rockerz 255 pro + (same as mine but the retail unit) I was surprised and thankful too . My ear was not damaged . It had the same punchy bass and that signature sound which was absent from my replacement unit.So, I can conclude by saying the replacement product will not have that signature sound as the retail unit.If anybody has experienced the same please comment.Thanks","https://m.media-amazon.com/images/I/61QNcfjhaoL._SY88.jpg","https://m.media-amazon.com/images/I/71JlqAVqGqL._SY88.jpg","https://m.media-amazon.com/images/I/519kSaPy03L._SY88.jpg","https://m.media-amazon.com/images/I/51UwkQdb4UL._SY88.jpg","https://m.media-amazon.com/images/I/61KtRCVxhmL._SY88.jpg","https://m.media-amazon.com/images/I/61j+73C7U1L._SY88.jpg",,,,,,,,"924 people found this helpful","The rebel with a defect","https://www.amazon.in/gp/customer-reviews/R1O3A2CX9YG69H/ref=cm_cr_arp_d_rvw_ttl?ie=UTF8&ASIN=B08TV2P1N8","Reviewed in India 🇮🇳 on 9 August 2022","Colour: Active BlackStyle name: W/o Smart On/Off"
"India","🇮🇳","2023-02-12","true","3","B08TV2P1N8","4","Good headphones, sound quality is also good, but magnet is not good at all, not properly stick headphones to each other... & That is part of concern...","https://m.media-amazon.com/images/I/61QNcfjhaoL._SY88.jpg","https://m.media-amazon.com/images/I/71JlqAVqGqL._SY88.jpg","https://m.media-amazon.com/images/I/519kSaPy03L._SY88.jpg","https://m.media-amazon.com/images/I/51UwkQdb4UL._SY88.jpg","https://m.media-amazon.com/images/I/61KtRCVxhmL._SY88.jpg","https://m.media-amazon.com/images/I/61j+73C7U1L._SY88.jpg",,,,,,,,"One person found this helpful","Good sound quality","https://www.amazon.in/gp/customer-reviews/RBELWV7G4G512/ref=cm_cr_arp_d_rvw_ttl?ie=UTF8&ASIN=B08TV2P1N8","Reviewed in India 🇮🇳 on 12 February 2023","Colour: Teal GreenStyle name: W/o Smart On/Off"
"India","🇮🇳","2023-02-14","true","4","B08TV2P1N8","4","I have Charging issue. No response to charge plz give details how to solve my issue","https://m.media-amazon.com/images/I/61QNcfjhaoL._SY88.jpg","https://m.media-amazon.com/images/I/71JlqAVqGqL._SY88.jpg","https://m.media-amazon.com/images/I/519kSaPy03L._SY88.jpg","https://m.media-amazon.com/images/I/51UwkQdb4UL._SY88.jpg","https://m.media-amazon.com/images/I/61KtRCVxhmL._SY88.jpg","https://m.media-amazon.com/images/I/61j+73C7U1L._SY88.jpg",,,,,,,,"","Charging Related","https://www.amazon.in/gp/customer-reviews/R1018PZGEGMP6O/ref=cm_cr_arp_d_rvw_ttl?ie=UTF8&ASIN=B08TV2P1N8","Reviewed in India 🇮🇳 on 14 February 2023","Colour: Navy BlueStyle name: W/o Smart On/Off"
"India","🇮🇳","2023-02-12","true","5","B08TV2P1N8","4","How to reset my headphone.bcoz it gets disconnected while listening and calling.","https://m.media-amazon.com/images/I/61QNcfjhaoL._SY88.jpg","https://m.media-amazon.com/images/I/71JlqAVqGqL._SY88.jpg","https://m.media-amazon.com/images/I/519kSaPy03L._SY88.jpg","https://m.media-amazon.com/images/I/51UwkQdb4UL._SY88.jpg","https://m.media-amazon.com/images/I/61KtRCVxhmL._SY88.jpg","https://m.media-amazon.com/images/I/61j+73C7U1L._SY88.jpg",,,,,,,,"","Disconnecting frequently","https://www.amazon.in/gp/customer-reviews/R1C8S6M157B4UN/ref=cm_cr_arp_d_rvw_ttl?ie=UTF8&ASIN=B08TV2P1N8","Reviewed in India 🇮🇳 on 12 February 2023","Colour: Teal GreenStyle name: W/o Smart On/Off"
"India","🇮🇳","2023-02-14","true","6","B08TV2P1N8","4","Bluetooth connectivity same problem only is there","https://m.media-amazon.com/images/I/61QNcfjhaoL._SY88.jpg","https://m.media-amazon.com/images/I/71JlqAVqGqL._SY88.jpg","https://m.media-amazon.com/images/I/519kSaPy03L._SY88.jpg","https://m.media-amazon.com/images/I/51UwkQdb4UL._SY88.jpg","https://m.media-amazon.com/images/I/61KtRCVxhmL._SY88.jpg","https://m.media-amazon.com/images/I/61j+73C7U1L._SY88.jpg",,,,,,,,"","Product little bit good","https://www.amazon.in/gp/customer-reviews/R1MPNJ231UO6SN/ref=cm_cr_arp_d_rvw_ttl?ie=UTF8&ASIN=B08TV2P1N8","Reviewed in India 🇮🇳 on 14 February 2023","Colour: Navy BlueStyle name: W/o Smart On/Off"
"India","🇮🇳","2023-02-15","true","7","B08TV2P1N8","4","Awesome battery life and nice design for the ear","https://m.media-amazon.com/images/I/61QNcfjhaoL._SY88.jpg","https://m.media-amazon.com/images/I/71JlqAVqGqL._SY88.jpg","https://m.media-amazon.com/images/I/519kSaPy03L._SY88.jpg","https://m.media-amazon.com/images/I/51UwkQdb4UL._SY88.jpg","https://m.media-amazon.com/images/I/61KtRCVxhmL._SY88.jpg","https://m.media-amazon.com/images/I/61j+73C7U1L._SY88.jpg",,,,,,,,"","Good product","https://www.amazon.in/gp/customer-reviews/R26F63LO6T9UBN/ref=cm_cr_arp_d_rvw_ttl?ie=UTF8&ASIN=B08TV2P1N8","Reviewed in India 🇮🇳 on 15 February 2023","Colour: Teal GreenStyle name: W/o Smart On/Off"
"India","🇮🇳","2023-02-11","true","8","B08TV2P1N8","4","overall super","https://m.media-amazon.com/images/I/61QNcfjhaoL._SY88.jpg","https://m.media-amazon.com/images/I/71JlqAVqGqL._SY88.jpg","https://m.media-amazon.com/images/I/519kSaPy03L._SY88.jpg","https://m.media-amazon.com/images/I/51UwkQdb4UL._SY88.jpg","https://m.media-amazon.com/images/I/61KtRCVxhmL._SY88.jpg","https://m.media-amazon.com/images/I/61j+73C7U1L._SY88.jpg",,,,,,,,"","boAt Rockerz 255 Pro +","https://www.amazon.in/gp/customer-reviews/R265BE85DLHXNS/ref=cm_cr_arp_d_rvw_ttl?ie=UTF8&ASIN=B08TV2P1N8","Reviewed in India 🇮🇳 on 11 February 2023","Colour: Teal GreenStyle name: W/o Smart On/Off"
"India","🇮🇳","2023-02-13","true","9","B08TV2P1N8","4","Super","https://m.media-amazon.com/images/I/61QNcfjhaoL._SY88.jpg","https://m.media-amazon.com/images/I/71JlqAVqGqL._SY88.jpg","https://m.media-amazon.com/images/I/519kSaPy03L._SY88.jpg","https://m.media-amazon.com/images/I/51UwkQdb4UL._SY88.jpg","https://m.media-amazon.com/images/I/61KtRCVxhmL._SY88.jpg","https://m.media-amazon.com/images/I/61j+73C7U1L._SY88.jpg",,,,,,,,"","Amazon","https://www.amazon.in/gp/customer-reviews/RHPDC2HSY0L6J/ref=cm_cr_arp_d_rvw_ttl?ie=UTF8&ASIN=B08TV2P1N8","Reviewed in India 🇮🇳 on 13 February 2023","Colour: Teal GreenStyle name: W/o Smart On/Off"
"India","🇮🇳","2023-02-10","true","10","B08TV2P1N8","4","Fast remove after changing. iam buying offer price this one","https://m.media-amazon.com/images/I/61QNcfjhaoL._SY88.jpg","https://m.media-amazon.com/images/I/71JlqAVqGqL._SY88.jpg","https://m.media-amazon.com/images/I/519kSaPy03L._SY88.jpg","https://m.media-amazon.com/images/I/51UwkQdb4UL._SY88.jpg","https://m.media-amazon.com/images/I/61KtRCVxhmL._SY88.jpg","https://m.media-amazon.com/images/I/61j+73C7U1L._SY88.jpg",,,,,,,,"One person found this helpful","Sudden remove charge","https://www.amazon.in/gp/customer-reviews/R1O2X1SFO0NUQ0/ref=cm_cr_arp_d_rvw_ttl?ie=UTF8&ASIN=B08TV2P1N8","Reviewed in India 🇮🇳 on 10 February 2023","Colour: Navy BlueStyle name: W/o Smart On/Off"
"India",,"2023-02-01","true","21","B08TV2P1N8","4","","https://m.media-amazon.com/images/I/71+lNPyysWL._SY88.jpg","https://m.media-amazon.com/images/I/71DcPuQY11L._SY88.jpg","https://m.media-amazon.com/images/I/71PpMNsokDL._SY88.jpg","https://m.media-amazon.com/images/I/71mLBA7G5dL._SY88.jpg",,,,,,,,,,"","Very good products 😊","https://www.amazon.in/gp/customer-reviews/R27S7NNFSN9QGA?ASIN=B08TV2P1N8","Reviewed in India on 1 February 2023","Colour: Navy BlueStyle name: W/o Smart On/Off"
"India",,"2023-01-27","true","22","B08TV2P1N8","4","Bluetooth connection connect and after some min own disconnect 😥 please change my neckband","https://m.media-amazon.com/images/I/71+lNPyysWL._SY88.jpg","https://m.media-amazon.com/images/I/71DcPuQY11L._SY88.jpg","https://m.media-amazon.com/images/I/71PpMNsokDL._SY88.jpg","https://m.media-amazon.com/images/I/71mLBA7G5dL._SY88.jpg",,,,,,,,,,"","Bluetooth connect and again disconnect","https://www.amazon.in/gp/customer-reviews/R1YQ2L4FM69C3W?ASIN=B08TV2P1N8","Reviewed in India on 27 January 2023","Colour: Teal GreenStyle name: W/o Smart On/Off"
"India",,"2023-01-25","true","23","B08TV2P1N8","4","The buid quality is very good.The ear hooks always comes out and eventually gets lost.The sound quality is mediocre but not bad either.Battery last for long time.","https://m.media-amazon.com/images/I/71+lNPyysWL._SY88.jpg","https://m.media-amazon.com/images/I/71DcPuQY11L._SY88.jpg","https://m.media-amazon.com/images/I/71PpMNsokDL._SY88.jpg","https://m.media-amazon.com/images/I/71mLBA7G5dL._SY88.jpg",,,,,,,,,,"","Durable + good battery + average sound quality","https://www.amazon.in/gp/customer-reviews/R2ITDSOL0G17D6?ASIN=B08TV2P1N8","Reviewed in India on 25 January 2023","Colour: Teal GreenStyle name: W/o Smart On/Off"
"India",,"2023-01-27","true","24","B08TV2P1N8","4","It is a good product. It's battery backup so good.I am happy for buy this one.","https://m.media-amazon.com/images/I/71+lNPyysWL._SY88.jpg","https://m.media-amazon.com/images/I/71DcPuQY11L._SY88.jpg","https://m.media-amazon.com/images/I/71PpMNsokDL._SY88.jpg","https://m.media-amazon.com/images/I/71mLBA7G5dL._SY88.jpg",,,,,,,,,,"One person found this helpful","Better hai","https://www.amazon.in/gp/customer-reviews/R1O0C0ZG3GIPIX?ASIN=B08TV2P1N8","Reviewed in India on 27 January 2023","Colour: Active BlackStyle name: W/o Smart On/Off"
"India",,"2023-02-06","true","25","B08TV2P1N8","4","The good sound have this product And get a purchase in flexible price","https://m.media-amazon.com/images/I/71+lNPyysWL._SY88.jpg","https://m.media-amazon.com/images/I/71DcPuQY11L._SY88.jpg","https://m.media-amazon.com/images/I/71PpMNsokDL._SY88.jpg","https://m.media-amazon.com/images/I/71mLBA7G5dL._SY88.jpg",,,,,,,,,,"2 people found this helpful","Good sound","https://www.amazon.in/gp/customer-reviews/R3OIW546APYIAX?ASIN=B08TV2P1N8","Reviewed in India on 6 February 2023","Colour: Teal GreenStyle name: W/o Smart On/Off"
"India",,"2023-01-16","true","26","B08TV2P1N8","4","This Bluetooth earphone provides a good quality sound and a good battery backup. I can use this for more than a week after a full charge.The only problem I have faced with this one that, the tilted rubber grip for supporting the ear often comes out. Another thing is, if the microphone is nearer to the mouth than the actual position, it will be better.However, I'm satisfied with this one.","https://m.media-amazon.com/images/I/71+lNPyysWL._SY88.jpg","https://m.media-amazon.com/images/I/71DcPuQY11L._SY88.jpg","https://m.media-amazon.com/images/I/71PpMNsokDL._SY88.jpg","https://m.media-amazon.com/images/I/71mLBA7G5dL._SY88.jpg",,,,,,,,,,"6 people found this helpful","Overall very good.","https://www.amazon.in/gp/customer-reviews/R3ACC2A10VAAGR?ASIN=B08TV2P1N8","Reviewed in India on 16 January 2023","Colour: Teal GreenStyle name: W/o Smart On/Off"
"India",,"2023-02-03","true","27","B08TV2P1N8","4","i like the build quality, this product has very good noise cancellation feature. sound quality is good and battery life is also good.","https://m.media-amazon.com/images/I/71+lNPyysWL._SY88.jpg","https://m.media-amazon.com/images/I/71DcPuQY11L._SY88.jpg","https://m.media-amazon.com/images/I/71PpMNsokDL._SY88.jpg","https://m.media-amazon.com/images/I/71mLBA7G5dL._SY88.jpg",,,,,,,,,,"2 people found this helpful","sound quality is awesome","https://www.amazon.in/gp/customer-reviews/R13L86JLTOOWRN?ASIN=B08TV2P1N8","Reviewed in India on 3 February 2023","Colour: Teal GreenStyle name: W/o Smart On/Off"
"India",,"2023-02-07","true","28","B08TV2P1N8","4","Good in battery backup, sound is very good.","https://m.media-amazon.com/images/I/71+lNPyysWL._SY88.jpg","https://m.media-amazon.com/images/I/71DcPuQY11L._SY88.jpg","https://m.media-amazon.com/images/I/71PpMNsokDL._SY88.jpg","https://m.media-amazon.com/images/I/71mLBA7G5dL._SY88.jpg",,,,,,,,,,"","Boat Rockerz","https://www.amazon.in/gp/customer-reviews/R13XS33XFBD4LW?ASIN=B08TV2P1N8","Reviewed in India on 7 February 2023","Colour: Teal GreenStyle name: W/o Smart On/Off"
"India",,"2023-02-07","true","29","B08TV2P1N8","4","If Rs.550 JBL earphones is rated 10, the sound of this one can be rated 6. Noise cancellation is very good. The battery backup, ergonomics are all absolutely fine. The base is kind of Ok. The sound needs to be improved.","https://m.media-amazon.com/images/I/71+lNPyysWL._SY88.jpg","https://m.media-amazon.com/images/I/71DcPuQY11L._SY88.jpg","https://m.media-amazon.com/images/I/71PpMNsokDL._SY88.jpg","https://m.media-amazon.com/images/I/71mLBA7G5dL._SY88.jpg",,,,,,,,,,"","Good features but sound quality is not good","https://www.amazon.in/gp/customer-reviews/RUHWBF5A3AQ10?ASIN=B08TV2P1N8","Reviewed in India on 7 February 2023","Colour: Teal GreenStyle name: W/o Smart On/Off"
"India",,"2023-02-02","true","30","B08TV2P1N8","4","Good but don't many times","https://m.media-amazon.com/images/I/71+lNPyysWL._SY88.jpg","https://m.media-amazon.com/images/I/71DcPuQY11L._SY88.jpg","https://m.media-amazon.com/images/I/71PpMNsokDL._SY88.jpg","https://m.media-amazon.com/images/I/71mLBA7G5dL._SY88.jpg",,,,,,,,,,"","All parts working but buying 3 months not working Bluetooth headset","https://www.amazon.in/gp/customer-reviews/R7KN79P05YTJD?ASIN=B08TV2P1N8","Reviewed in India on 2 February 2023","Colour: Teal GreenStyle name: W/o Smart On/Off"
"India",,"2023-01-29","true","51","B08TV2P1N8","4","Good","https://m.media-amazon.com/images/I/61A3UCBs2AL._SY88.jpg","https://m.media-amazon.com/images/I/61I-RycbOPL._SY88.jpg",,,,,,,,,,,,"","Good","https://www.amazon.in/gp/customer-reviews/R2Z24ICPD8ODHG/ref=cm_cr_arp_d_rvw_ttl?ie=UTF8&ASIN=B08TV2P1N8","Reviewed in India on 29 January 2023","Colour: Active BlackStyle name: With Smart On/Off"
"India",,"2023-01-28","true","52","B08TV2P1N8","4","Best","https://m.media-amazon.com/images/I/61A3UCBs2AL._SY88.jpg","https://m.media-amazon.com/images/I/61I-RycbOPL._SY88.jpg",,,,,,,,,,,,"","Super &  Best thing","https://www.amazon.in/gp/customer-reviews/R13GRTIPCGOBC5/ref=cm_cr_arp_d_rvw_ttl?ie=UTF8&ASIN=B08TV2P1N8","Reviewed in India on 28 January 2023","Colour: Navy BlueStyle name: W/o Smart On/Off"
"India",,"2023-01-17","true","53","B08TV2P1N8","4","Awesome product and bass is good. Easy to use and noise cancellation is not working properly but overall product is good","https://m.media-amazon.com/images/I/61A3UCBs2AL._SY88.jpg","https://m.media-amazon.com/images/I/61I-RycbOPL._SY88.jpg",,,,,,,,,,,,"2 people found this helpful","Awesome product","https://www.amazon.in/gp/customer-reviews/RY85TVVXCCPP2/ref=cm_cr_arp_d_rvw_ttl?ie=UTF8&ASIN=B08TV2P1N8","Reviewed in India on 17 January 2023","Colour: Navy BlueStyle name: W/o Smart On/Off"
"India",,"2023-02-01","true","54","B08TV2P1N8","4","good","https://m.media-amazon.com/images/I/61A3UCBs2AL._SY88.jpg","https://m.media-amazon.com/images/I/61I-RycbOPL._SY88.jpg",,,,,,,,,,,,"","good","https://www.amazon.in/gp/customer-reviews/R1SHZ93O5ZLPI1/ref=cm_cr_arp_d_rvw_ttl?ie=UTF8&ASIN=B08TV2P1N8","Reviewed in India on 1 February 2023","Colour: Active BlackStyle name: W/o Smart On/Off"
"India",,"2023-01-21","true","55","B08TV2P1N8","4","It's good but not good as I expected for this money","https://m.media-amazon.com/images/I/61A3UCBs2AL._SY88.jpg","https://m.media-amazon.com/images/I/61I-RycbOPL._SY88.jpg",,,,,,,,,,,,"One person found this helpful","It's good....","https://www.amazon.in/gp/customer-reviews/R88IO4XDBPP60/ref=cm_cr_arp_d_rvw_ttl?ie=UTF8&ASIN=B08TV2P1N8","Reviewed in India on 21 January 2023","Colour: Active BlackStyle name: W/o Smart On/Off"
"India",,"2023-01-20","true","56","B08TV2P1N8","4","Two days since I started using it....so far working well. Packing was little bit damaged but the product.was in good shape. Loved the product. Color is also good","https://m.media-amazon.com/images/I/61A3UCBs2AL._SY88.jpg","https://m.media-amazon.com/images/I/61I-RycbOPL._SY88.jpg",,,,,,,,,,,,"One person found this helpful","Good product, worth the money!","https://www.amazon.in/gp/customer-reviews/R1ZXIFJFDMC0SZ/ref=cm_cr_arp_d_rvw_ttl?ie=UTF8&ASIN=B08TV2P1N8","Reviewed in India on 20 January 2023","Colour: Navy BlueStyle name: W/o Smart On/Off"
"India",,"2023-01-31","true","57","B08TV2P1N8","4","quality good","https://m.media-amazon.com/images/I/61A3UCBs2AL._SY88.jpg","https://m.media-amazon.com/images/I/61I-RycbOPL._SY88.jpg",,,,,,,,,,,,"","good","https://www.amazon.in/gp/customer-reviews/R2MD5T0NYYJEQ6/ref=cm_cr_arp_d_rvw_ttl?ie=UTF8&ASIN=B08TV2P1N8","Reviewed in India on 31 January 2023","Colour: Active BlackStyle name: W/o Smart On/Off"
"India",,"2023-01-22","true","58","B08TV2P1N8","4","Wire quality everage.Wire breaaked in 6 month.","https://m.media-amazon.com/images/I/61A3UCBs2AL._SY88.jpg","https://m.media-amazon.com/images/I/61I-RycbOPL._SY88.jpg",,,,,,,,,,,,"","Good","https://www.amazon.in/gp/customer-reviews/R2N1CAEPZMCL4U/ref=cm_cr_arp_d_rvw_ttl?ie=UTF8&ASIN=B08TV2P1N8","Reviewed in India on 22 January 2023","Colour: Teal GreenStyle name: W/o Smart On/Off"
"India",,"2023-01-28","true","59","B08TV2P1N8","4","Nice Product 4/5","https://m.media-amazon.com/images/I/61A3UCBs2AL._SY88.jpg","https://m.media-amazon.com/images/I/61I-RycbOPL._SY88.jpg",,,,,,,,,,,,"","Nice Product","https://www.amazon.in/gp/customer-reviews/R3MYY0D1UOS094/ref=cm_cr_arp_d_rvw_ttl?ie=UTF8&ASIN=B08TV2P1N8","Reviewed in India on 28 January 2023","Colour: Active BlackStyle name: W/o Smart On/Off"
"India",,"2023-01-24","true","60","B08TV2P1N8","4","Sound quality is good, however not better than a neo pro","https://m.media-amazon.com/images/I/61A3UCBs2AL._SY88.jpg","https://m.media-amazon.com/images/I/61I-RycbOPL._SY88.jpg",,,,,,,,,,,,"","Good one","https://www.amazon.in/gp/customer-reviews/R1HPANILBDXBNL/ref=cm_cr_arp_d_rvw_ttl?ie=UTF8&ASIN=B08TV2P1N8","Reviewed in India on 24 January 2023","Colour: Active BlackStyle name: With Smart On/Off"
"India","🇮🇳","2023-01-19","true","61","B08TV2P1N8","4","Overall good, battery life is best. Except for the low voice, it is good for calling.","https://m.media-amazon.com/images/I/81pXg7hXe5L._SY88.jpg","https://m.media-amazon.com/images/I/413vm6QlonL._SY88.jpg",,,,,,,,,,,,"","Volume is less","https://www.amazon.in/gp/customer-reviews/R7KDFN3ZSTMX6/ref=cm_cr_arp_d_rvw_ttl?ie=UTF8&ASIN=B08TV2P1N8","Reviewed in India 🇮🇳 on 19 January 2023","Colour: Active BlackStyle name: W/o Smart On/Off"
"India","🇮🇳","2023-01-23","true","62","B08TV2P1N8","4","I like the product","https://m.media-amazon.com/images/I/81pXg7hXe5L._SY88.jpg","https://m.media-amazon.com/images/I/413vm6QlonL._SY88.jpg",,,,,,,,,,,,"","Excellent battery backup and worth for money","https://www.amazon.in/gp/customer-reviews/RY4P7ACNDIY7P/ref=cm_cr_arp_d_rvw_ttl?ie=UTF8&ASIN=B08TV2P1N8","Reviewed in India 🇮🇳 on 23 January 2023","Colour: Navy BlueStyle name: W/o Smart On/Off"
"India","🇮🇳","2023-01-24","true","63","B08TV2P1N8","4","Awesome and super sound quality ❤️","https://m.media-amazon.com/images/I/81pXg7hXe5L._SY88.jpg","https://m.media-amazon.com/images/I/413vm6QlonL._SY88.jpg",,,,,,,,,,,,"","Value of money","https://www.amazon.in/gp/customer-reviews/R1KZ4MJ3LQ80X7/ref=cm_cr_arp_d_rvw_ttl?ie=UTF8&ASIN=B08TV2P1N8","Reviewed in India 🇮🇳 on 24 January 2023","Colour: Maroon MadnessStyle name: With Smart On/Off"
"India","🇮🇳","2023-01-21","true","64","B08TV2P1N8","4","Very nice product.","https://m.media-amazon.com/images/I/81pXg7hXe5L._SY88.jpg","https://m.media-amazon.com/images/I/413vm6QlonL._SY88.jpg",,,,,,,,,,,,"","Mangnet are not working properly","https://www.amazon.in/gp/customer-reviews/R100SJVN8B78LG/ref=cm_cr_arp_d_rvw_ttl?ie=UTF8&ASIN=B08TV2P1N8","Reviewed in India 🇮🇳 on 21 January 2023","Colour: Teal GreenStyle name: W/o Smart On/Off"
"India","🇮🇳","2023-01-21","true","65","B08TV2P1N8","4","Looking so goodNice  Color","https://m.media-amazon.com/images/I/81pXg7hXe5L._SY88.jpg","https://m.media-amazon.com/images/I/413vm6QlonL._SY88.jpg",,,,,,,,,,,,"","Nice","https://www.amazon.in/gp/customer-reviews/R33MMJ079A1VAQ/ref=cm_cr_arp_d_rvw_ttl?ie=UTF8&ASIN=B08TV2P1N8","Reviewed in India 🇮🇳 on 21 January 2023","Colour: Teal GreenStyle name: W/o Smart On/Off"
"India","🇮🇳","2023-01-22","true","66","B08TV2P1N8","4","Product is good.","https://m.media-amazon.com/images/I/81pXg7hXe5L._SY88.jpg","https://m.media-amazon.com/images/I/413vm6QlonL._SY88.jpg",,,,,,,,,,,,"","Product is good.","https://www.amazon.in/gp/customer-reviews/RV7RG7S34IUQ8/ref=cm_cr_arp_d_rvw_ttl?ie=UTF8&ASIN=B08TV2P1N8","Reviewed in India 🇮🇳 on 22 January 2023","Colour: Teal GreenStyle name: W/o Smart On/Off"
"India","🇮🇳","2023-01-21","true","67","B08TV2P1N8","4","","https://m.media-amazon.com/images/I/81pXg7hXe5L._SY88.jpg","https://m.media-amazon.com/images/I/413vm6QlonL._SY88.jpg",,,,,,,,,,,,"","Very nice product. I use daily 5-6 hrs but till 5 days it will work without charge in this duration.","https://www.amazon.in/gp/customer-reviews/R3FDQBH7Q9NJ4H/ref=cm_cr_arp_d_rvw_ttl?ie=UTF8&ASIN=B08TV2P1N8","Reviewed in India 🇮🇳 on 21 January 2023","Colour: Maroon MadnessStyle name: With Smart On/Off"
"India","🇮🇳","2023-02-15","true","68","B08TV2P1N8","5","Dude I just saw the reviews and ordered it ....after 1.5 months I'm writing it ....Just go for it man its is fantastic in this prize range many few products can match the quality of this one ...it had awesome sound quality the bass is awesome the design and material used is awesome charging is also 10 mins fast charge which gives almost 1 day backup ....just go for it don't hustle 😌","https://m.media-amazon.com/images/I/81pXg7hXe5L._SY88.jpg","https://m.media-amazon.com/images/I/413vm6QlonL._SY88.jpg",,,,,,,,,,,,"","Worth Buying","https://www.amazon.in/gp/customer-reviews/R31NBS5LB5CGX2/ref=cm_cr_arp_d_rvw_ttl?ie=UTF8&ASIN=B08TV2P1N8","Reviewed in India 🇮🇳 on 15 February 2023","Colour: Purple HazeStyle name: With Smart On/Off"
"India","🇮🇳","2023-01-10","true","69","B08TV2P1N8","4","Perfect for bluetooth calling and its battery backup, product is very nice. Otherwise sound quality is very ordinary and don't expect premium quality sound output from a value for money product.","https://m.media-amazon.com/images/I/81pXg7hXe5L._SY88.jpg","https://m.media-amazon.com/images/I/413vm6QlonL._SY88.jpg",,,,,,,,,,,,"3 people found this helpful","For bluetooth calling and power backup.","https://www.amazon.in/gp/customer-reviews/R1SL3YUIQFE82L/ref=cm_cr_arp_d_rvw_ttl?ie=UTF8&ASIN=B08TV2P1N8","Reviewed in India 🇮🇳 on 10 January 2023","Colour: Teal GreenStyle name: W/o Smart On/Off"
"India","🇮🇳","2023-01-17","true","70","B08TV2P1N8","4","Reply Amazon","https://m.media-amazon.com/images/I/81pXg7hXe5L._SY88.jpg","https://m.media-amazon.com/images/I/413vm6QlonL._SY88.jpg",,,,,,,,,,,,"","4 month before bluetooth connection automatic connect and disconnect","https://www.amazon.in/gp/customer-reviews/R1REUJ1ARX8MF7/ref=cm_cr_arp_d_rvw_ttl?ie=UTF8&ASIN=B08TV2P1N8","Reviewed in India 🇮🇳 on 17 January 2023","Colour: Furious BlueStyle name: With Smart On/Off"
"India",,"2023-02-08","true","11","B08TV2P1N8","4","Everything is good bass is on the next level but ear tips are heavy because of metal for small ears","https://m.media-amazon.com/images/I/61-KRkc2fkL._SY88.jpg","https://m.media-amazon.com/images/I/715w7kSJhfL._SY88.jpg","https://m.media-amazon.com/images/I/61WX9MYvBBL._SY88.jpg",,,,,,,,,,,"2 people found this helpful","Heavy ear tips for small ears because of metal","https://www.amazon.in/gp/customer-reviews/R132XWZBGRX8A7/ref=cm_cr_arp_d_rvw_ttl?ie=UTF8&ASIN=B08TV2P1N8","Reviewed in India on 8 February 2023","Colour: Active BlackStyle name: W/o Smart On/Off"
"India",,"2023-02-10","true","12","B08TV2P1N8","4","It is a very good product.buy it without any doubt.............","https://m.media-amazon.com/images/I/61-KRkc2fkL._SY88.jpg","https://m.media-amazon.com/images/I/715w7kSJhfL._SY88.jpg","https://m.media-amazon.com/images/I/61WX9MYvBBL._SY88.jpg",,,,,,,,,,,"One person found this helpful","Very good product 🙂","https://www.amazon.in/gp/customer-reviews/R2C2A4U2UFFL1G/ref=cm_cr_arp_d_rvw_ttl?ie=UTF8&ASIN=B08TV2P1N8","Reviewed in India on 10 February 2023","Colour: Teal GreenStyle name: W/o Smart On/Off"
"India",,"2023-01-26","true","13","B08TV2P1N8","4","It is a great product, worth the price.Sound quality, beast mode everything is awesome. Only complaint is that the previous track feature doesnt work. All that happens is that the song you are playing just starts from the beginning again.","https://m.media-amazon.com/images/I/61-KRkc2fkL._SY88.jpg","https://m.media-amazon.com/images/I/715w7kSJhfL._SY88.jpg","https://m.media-amazon.com/images/I/61WX9MYvBBL._SY88.jpg",,,,,,,,,,,"2 people found this helpful","Great product, worth it","https://www.amazon.in/gp/customer-reviews/R3HIRL086OOGP7/ref=cm_cr_arp_d_rvw_ttl?ie=UTF8&ASIN=B08TV2P1N8","Reviewed in India on 26 January 2023","Colour: Furious BlueStyle name: With Smart On/Off"
"India",,"2023-02-08","true","14","B08TV2P1N8","4","Nice product","https://m.media-amazon.com/images/I/61-KRkc2fkL._SY88.jpg","https://m.media-amazon.com/images/I/715w7kSJhfL._SY88.jpg","https://m.media-amazon.com/images/I/61WX9MYvBBL._SY88.jpg",,,,,,,,,,,"","Good","https://www.amazon.in/gp/customer-reviews/R1LL8IB8AW46H2/ref=cm_cr_arp_d_rvw_ttl?ie=UTF8&ASIN=B08TV2P1N8","Reviewed in India on 8 February 2023","Colour: Purple HazeStyle name: With Smart On/Off"
"India",,"2023-02-08","true","15","B08TV2P1N8","4","Nice product","https://m.media-amazon.com/images/I/61-KRkc2fkL._SY88.jpg","https://m.media-amazon.com/images/I/715w7kSJhfL._SY88.jpg","https://m.media-amazon.com/images/I/61WX9MYvBBL._SY88.jpg",,,,,,,,,,,"","Nice product","https://www.amazon.in/gp/customer-reviews/R31QUG48HGMFQX/ref=cm_cr_arp_d_rvw_ttl?ie=UTF8&ASIN=B08TV2P1N8","Reviewed in India on 8 February 2023","Colour: Active BlackStyle name: With Smart On/Off"
"India",,"2023-01-22","true","16","B08TV2P1N8","4","Overall a good product. Only one point not good is - takes a bit time @2sec to changeover song from next button.And not comfortable for longer 2w ride with helmet over headphone.","https://m.media-amazon.com/images/I/61-KRkc2fkL._SY88.jpg","https://m.media-amazon.com/images/I/715w7kSJhfL._SY88.jpg","https://m.media-amazon.com/images/I/61WX9MYvBBL._SY88.jpg",,,,,,,,,,,"One person found this helpful","Good product","https://www.amazon.in/gp/customer-reviews/R3C7TUABA7KE2A/ref=cm_cr_arp_d_rvw_ttl?ie=UTF8&ASIN=B08TV2P1N8","Reviewed in India on 22 January 2023","Colour: Maroon MadnessStyle name: With Smart On/Off"
"India",,"2023-02-11","true","17","B08TV2P1N8","4","Worth of money.","https://m.media-amazon.com/images/I/61-KRkc2fkL._SY88.jpg","https://m.media-amazon.com/images/I/715w7kSJhfL._SY88.jpg","https://m.media-amazon.com/images/I/61WX9MYvBBL._SY88.jpg",,,,,,,,,,,"","Headset.","https://www.amazon.in/gp/customer-reviews/R2NA0QTTIJ8FHS/ref=cm_cr_arp_d_rvw_ttl?ie=UTF8&ASIN=B08TV2P1N8","Reviewed in India on 11 February 2023","Colour: Active BlackStyle name: W/o Smart On/Off"
"India",,"2023-02-01","true","18","B08TV2P1N8","4","Everything was working good just it was broken from this point the outer insulation was not of good quality that's it otherwise these are good earphones the left side is not working due to that breakage","https://m.media-amazon.com/images/I/61-KRkc2fkL._SY88.jpg","https://m.media-amazon.com/images/I/715w7kSJhfL._SY88.jpg","https://m.media-amazon.com/images/I/61WX9MYvBBL._SY88.jpg",,,,,,,,,,,"5 people found this helpful","Good but disappointing due to one reason","https://www.amazon.in/gp/customer-reviews/R125WADVY2M3KN/ref=cm_cr_arp_d_rvw_ttl?ie=UTF8&ASIN=B08TV2P1N8","Reviewed in India on 1 February 2023","Colour: Navy BlueStyle name: W/o Smart On/Off"
"India",,"2023-02-03","true","19","B08TV2P1N8","4","It is good👍","https://m.media-amazon.com/images/I/61-KRkc2fkL._SY88.jpg","https://m.media-amazon.com/images/I/715w7kSJhfL._SY88.jpg","https://m.media-amazon.com/images/I/61WX9MYvBBL._SY88.jpg",,,,,,,,,,,"","It's ok","https://www.amazon.in/gp/customer-reviews/R2HSVYIB97YRE0/ref=cm_cr_arp_d_rvw_ttl?ie=UTF8&ASIN=B08TV2P1N8","Reviewed in India on 3 February 2023","Colour: Active BlackStyle name: W/o Smart On/Off"
"India",,"2023-02-03","true","20","B08TV2P1N8","4","NICE","https://m.media-amazon.com/images/I/61-KRkc2fkL._SY88.jpg","https://m.media-amazon.com/images/I/715w7kSJhfL._SY88.jpg","https://m.media-amazon.com/images/I/61WX9MYvBBL._SY88.jpg",,,,,,,,,,,"","NICE PRODUCT","https://www.amazon.in/gp/customer-reviews/R2EGQTGHNADA7G/ref=cm_cr_arp_d_rvw_ttl?ie=UTF8&ASIN=B08TV2P1N8","Reviewed in India on 3 February 2023","Colour: Maroon MadnessStyle name: With Smart On/Off"
"India","🇮🇳","2023-01-10","true","91","B08TV2P1N8","4","It gets the job done but it can be damaged quickly","https://m.media-amazon.com/images/I/714TQd9lI0L._SY88.jpg","https://m.media-amazon.com/images/I/71NyMT-fgBL._SY88.jpg","https://m.media-amazon.com/images/I/71y02TjAoJL._SY88.jpg",,,,,,,,,,,"","It's good","https://www.amazon.in/gp/customer-reviews/R2JZDI2M68BGYQ/ref=cm_cr_arp_d_rvw_ttl?ie=UTF8&ASIN=B08TV2P1N8","Reviewed in India 🇮🇳 on 10 January 2023","Colour: Teal GreenStyle name: W/o Smart On/Off"
"India","🇮🇳","2022-12-28","true","92","B08TV2P1N8","4","As read so many comments realted to base is o good, thumping bass n all but to be honest base is not so as expected it's decent rest on which j am impressed is it's battery life don't know how it behaves later but now it's superb","https://m.media-amazon.com/images/I/714TQd9lI0L._SY88.jpg","https://m.media-amazon.com/images/I/71NyMT-fgBL._SY88.jpg","https://m.media-amazon.com/images/I/71y02TjAoJL._SY88.jpg",,,,,,,,,,,"One person found this helpful","Good earphone but base didn't met expectations","https://www.amazon.in/gp/customer-reviews/R37JCPNXAKAT22/ref=cm_cr_arp_d_rvw_ttl?ie=UTF8&ASIN=B08TV2P1N8","Reviewed in India 🇮🇳 on 28 December 2022","Colour: Active BlackStyle name: W/o Smart On/Off"
"India","🇮🇳","2023-01-01","true","93","B08TV2P1N8","4","Charging back up is awesome25th December morning ko recive hua thn 30 December k night m charging finish huibut mene first time charge kiya to 2hrs se b zyada time m 100℅ charge hua","https://m.media-amazon.com/images/I/714TQd9lI0L._SY88.jpg","https://m.media-amazon.com/images/I/71NyMT-fgBL._SY88.jpg","https://m.media-amazon.com/images/I/71y02TjAoJL._SY88.jpg",,,,,,,,,,,"2 people found this helpful","Awesome charging backup 👍","https://www.amazon.in/gp/customer-reviews/R1MXGMA3JKL1YI/ref=cm_cr_arp_d_rvw_ttl?ie=UTF8&ASIN=B08TV2P1N8","Reviewed in India 🇮🇳 on 1 January 2023","Colour: Teal GreenStyle name: W/o Smart On/Off"
"India","🇮🇳","2023-01-18","true","94","B08TV2P1N8","5","I have AirPods 2 but the battery life is not very good on those. Then I bought these mainly to watch TV. And I must say these are insane when it comes to battery life. Sound is decently loud. Not too loud. Calling could have been better. If your main Purpose is calling then it’s just ok. Bt for music lovers it’s a bliss. Specially the battery life. It offers 40hrs of monstrous battery backup and I have to charge it like once in a month. Ear tips are little clumsy  They tend to fall out of my ear most of the time. Not that depends on the shape of ear canal. So I’ve to adjust them properly. But This is truly one of the best purchases I’ve made. Totally worth buying. Pls go for it if you’re looking for a neckband with amazing battery life and great music experience.","https://m.media-amazon.com/images/I/714TQd9lI0L._SY88.jpg","https://m.media-amazon.com/images/I/71NyMT-fgBL._SY88.jpg","https://m.media-amazon.com/images/I/71y02TjAoJL._SY88.jpg",,,,,,,,,,,"","The Best.","https://www.amazon.in/gp/customer-reviews/RVAL9EL5N3BRM/ref=cm_cr_arp_d_rvw_ttl?ie=UTF8&ASIN=B08TV2P1N8","Reviewed in India 🇮🇳 on 18 January 2023","Colour: Active BlackStyle name: W/o Smart On/Off"
"India","🇮🇳","2022-12-19","true","95","B08TV2P1N8","4","Dear sir,I purchased this bluetooth on April 24th 2022.But from August 2022 onwards not working,also continuously iam trying to ask many shops for service at my place - Tiruchirapaalli,but no body doing blue tooth service.Also boat rockers blue tooth having very less number of days warranty only.Now what can I do? Please suggest.If possible, please collect my bluetooth from your delivery person and do the best.","https://m.media-amazon.com/images/I/714TQd9lI0L._SY88.jpg","https://m.media-amazon.com/images/I/71NyMT-fgBL._SY88.jpg","https://m.media-amazon.com/images/I/71y02TjAoJL._SY88.jpg",,,,,,,,,,,"8 people found this helpful","Bluetooth service centre not available","https://www.amazon.in/gp/customer-reviews/R37WU40YNTLIYU/ref=cm_cr_arp_d_rvw_ttl?ie=UTF8&ASIN=B08TV2P1N8","Reviewed in India 🇮🇳 on 19 December 2022","Colour: Active BlackStyle name: W/o Smart On/Off"
"India","🇮🇳","2023-01-04","true","96","B08TV2P1N8","4","Sound is good enough mic, works well","https://m.media-amazon.com/images/I/714TQd9lI0L._SY88.jpg","https://m.media-amazon.com/images/I/71NyMT-fgBL._SY88.jpg","https://m.media-amazon.com/images/I/71y02TjAoJL._SY88.jpg",,,,,,,,,,,"","Decent for this price","https://www.amazon.in/gp/customer-reviews/RDFP46TTC6UKR/ref=cm_cr_arp_d_rvw_ttl?ie=UTF8&ASIN=B08TV2P1N8","Reviewed in India 🇮🇳 on 4 January 2023","Colour: Maroon MadnessStyle name: With Smart On/Off"
"India","🇮🇳","2022-12-27","true","97","B08TV2P1N8","4","The product fits snugly in the ears. There is some pain after prolonged use for the first 2 weeks or so of using.Battery lasts over a day after full charge for an average user.Volume is strong, and so is the bass. Sound clarity is average.Product is sturdy enough to use comfortably without worry of damage.","https://m.media-amazon.com/images/I/714TQd9lI0L._SY88.jpg","https://m.media-amazon.com/images/I/71NyMT-fgBL._SY88.jpg","https://m.media-amazon.com/images/I/71y02TjAoJL._SY88.jpg",,,,,,,,,,,"5 people found this helpful","Value for price","https://www.amazon.in/gp/customer-reviews/RAHUCIL8N8IK5/ref=cm_cr_arp_d_rvw_ttl?ie=UTF8&ASIN=B08TV2P1N8","Reviewed in India 🇮🇳 on 27 December 2022","Colour: Active BlackStyle name: With Smart On/Off"
"India","🇮🇳","2022-12-29","true","98","B08TV2P1N8","4","thanks to amazon for such good deliverance of the products,, i have been using amazon for long time and amazon have truely win the trust of the customer. Great product and once agian,, thanks to amazon","https://m.media-amazon.com/images/I/714TQd9lI0L._SY88.jpg","https://m.media-amazon.com/images/I/71NyMT-fgBL._SY88.jpg","https://m.media-amazon.com/images/I/71y02TjAoJL._SY88.jpg",,,,,,,,,,,"2 people found this helpful","Really good product","https://www.amazon.in/gp/customer-reviews/R1N6RV1W0LKGWB/ref=cm_cr_arp_d_rvw_ttl?ie=UTF8&ASIN=B08TV2P1N8","Reviewed in India 🇮🇳 on 29 December 2022","Colour: Purple HazeStyle name: With Smart On/Off"
"India","🇮🇳","2022-12-31","true","99","B08TV2P1N8","4","Better product qualities low sound Bass ok","https://m.media-amazon.com/images/I/714TQd9lI0L._SY88.jpg","https://m.media-amazon.com/images/I/71NyMT-fgBL._SY88.jpg","https://m.media-amazon.com/images/I/71y02TjAoJL._SY88.jpg",,,,,,,,,,,"","Boat","https://www.amazon.in/gp/customer-reviews/R7JZEGGQOOTE3/ref=cm_cr_arp_d_rvw_ttl?ie=UTF8&ASIN=B08TV2P1N8","Reviewed in India 🇮🇳 on 31 December 2022","Colour: Active BlackStyle name: With Smart On/Off"
"India","🇮🇳","2023-01-10","true","100","B08TV2P1N8","4","Noice","https://m.media-amazon.com/images/I/714TQd9lI0L._SY88.jpg","https://m.media-amazon.com/images/I/71NyMT-fgBL._SY88.jpg","https://m.media-amazon.com/images/I/71y02TjAoJL._SY88.jpg",,,,,,,,,,,"","Noice","https://www.amazon.in/gp/customer-reviews/R2288N111JCPTF/ref=cm_cr_arp_d_rvw_ttl?ie=UTF8&ASIN=B08TV2P1N8","Reviewed in India 🇮🇳 on 10 January 2023","Colour: Active BlackStyle name: W/o Smart On/Off"
"India","🇮🇳","2023-01-06","true","81","B08TV2P1N8","4","Sound quality best of this range 👌","https://m.media-amazon.com/images/I/51w+F2+Ww1L._SY88.jpg","https://m.media-amazon.com/images/I/61e59PitrRL._SY88.jpg","https://m.media-amazon.com/images/I/71+Ou8DZMIL._SY88.jpg","https://m.media-amazon.com/images/I/81FPaseiPhL._SY88.jpg","https://m.media-amazon.com/images/I/81xNo3SsdGL._SY88.jpg",,,,,,,,,"","Sound quality best","https://www.amazon.in/gp/customer-reviews/R5AEK47NXZYMD/ref=cm_cr_arp_d_rvw_ttl?ie=UTF8&ASIN=B08TV2P1N8","Reviewed in India 🇮🇳 on 6 January 2023","Colour: Teal GreenStyle name: W/o Smart On/Off"
"India","🇮🇳","2023-01-12","true","82","B08TV2P1N8","4","Nice sound and battery backup","https://m.media-amazon.com/images/I/51w+F2+Ww1L._SY88.jpg","https://m.media-amazon.com/images/I/61e59PitrRL._SY88.jpg","https://m.media-amazon.com/images/I/71+Ou8DZMIL._SY88.jpg","https://m.media-amazon.com/images/I/81FPaseiPhL._SY88.jpg","https://m.media-amazon.com/images/I/81xNo3SsdGL._SY88.jpg",,,,,,,,,"","Nice product","https://www.amazon.in/gp/customer-reviews/R2VCFXME9PE4NW/ref=cm_cr_arp_d_rvw_ttl?ie=UTF8&ASIN=B08TV2P1N8","Reviewed in India 🇮🇳 on 12 January 2023","Colour: Teal GreenStyle name: W/o Smart On/Off"
"India","🇮🇳","2023-01-06","true","83","B08TV2P1N8","4","Good sound quality","https://m.media-amazon.com/images/I/51w+F2+Ww1L._SY88.jpg","https://m.media-amazon.com/images/I/61e59PitrRL._SY88.jpg","https://m.media-amazon.com/images/I/71+Ou8DZMIL._SY88.jpg","https://m.media-amazon.com/images/I/81FPaseiPhL._SY88.jpg","https://m.media-amazon.com/images/I/81xNo3SsdGL._SY88.jpg",,,,,,,,,"","Rajesh","https://www.amazon.in/gp/customer-reviews/R17WLQJD6W01JP/ref=cm_cr_arp_d_rvw_ttl?ie=UTF8&ASIN=B08TV2P1N8","Reviewed in India 🇮🇳 on 6 January 2023","Colour: Active BlackStyle name: With Smart On/Off"
"India","🇮🇳","2023-01-11","true","84","B08TV2P1N8","4","Very good","https://m.media-amazon.com/images/I/51w+F2+Ww1L._SY88.jpg","https://m.media-amazon.com/images/I/61e59PitrRL._SY88.jpg","https://m.media-amazon.com/images/I/71+Ou8DZMIL._SY88.jpg","https://m.media-amazon.com/images/I/81FPaseiPhL._SY88.jpg","https://m.media-amazon.com/images/I/81xNo3SsdGL._SY88.jpg",,,,,,,,,"","Nice 👍","https://www.amazon.in/gp/customer-reviews/R21F3PYMERA09G/ref=cm_cr_arp_d_rvw_ttl?ie=UTF8&ASIN=B08TV2P1N8","Reviewed in India 🇮🇳 on 11 January 2023","Colour: Teal GreenStyle name: W/o Smart On/Off"
"India","🇮🇳","2023-01-04","true","85","B08TV2P1N8","4","Only issue with this is that earbuds holding rubbers keep coming out. Used this product for 2 months plus now and I lost both the earbud holders. Now the earbuds keep falling from ear.","https://m.media-amazon.com/images/I/51w+F2+Ww1L._SY88.jpg","https://m.media-amazon.com/images/I/61e59PitrRL._SY88.jpg","https://m.media-amazon.com/images/I/71+Ou8DZMIL._SY88.jpg","https://m.media-amazon.com/images/I/81FPaseiPhL._SY88.jpg","https://m.media-amazon.com/images/I/81xNo3SsdGL._SY88.jpg",,,,,,,,,"3 people found this helpful","Good product and sound quality","https://www.amazon.in/gp/customer-reviews/R2RYKDH7IQONRI/ref=cm_cr_arp_d_rvw_ttl?ie=UTF8&ASIN=B08TV2P1N8","Reviewed in India 🇮🇳 on 4 January 2023","Colour: Teal GreenStyle name: W/o Smart On/Off"
"India","🇮🇳","2023-01-06","true","86","B08TV2P1N8","4","Super Quality and sound is awesome","https://m.media-amazon.com/images/I/51w+F2+Ww1L._SY88.jpg","https://m.media-amazon.com/images/I/61e59PitrRL._SY88.jpg","https://m.media-amazon.com/images/I/71+Ou8DZMIL._SY88.jpg","https://m.media-amazon.com/images/I/81FPaseiPhL._SY88.jpg","https://m.media-amazon.com/images/I/81xNo3SsdGL._SY88.jpg",,,,,,,,,"One person found this helpful","Superb quality","https://www.amazon.in/gp/customer-reviews/R1TWOJO8GEIYER/ref=cm_cr_arp_d_rvw_ttl?ie=UTF8&ASIN=B08TV2P1N8","Reviewed in India 🇮🇳 on 6 January 2023","Colour: Active BlackStyle name: With Smart On/Off"
"India","🇮🇳","2023-01-12","true","87","B08TV2P1N8","4","I think it is very helpful for call","https://m.media-amazon.com/images/I/51w+F2+Ww1L._SY88.jpg","https://m.media-amazon.com/images/I/61e59PitrRL._SY88.jpg","https://m.media-amazon.com/images/I/71+Ou8DZMIL._SY88.jpg","https://m.media-amazon.com/images/I/81FPaseiPhL._SY88.jpg","https://m.media-amazon.com/images/I/81xNo3SsdGL._SY88.jpg",,,,,,,,,"","Best design","https://www.amazon.in/gp/customer-reviews/RQJPCWOOJF6A7/ref=cm_cr_arp_d_rvw_ttl?ie=UTF8&ASIN=B08TV2P1N8","Reviewed in India 🇮🇳 on 12 January 2023","Colour: Navy BlueStyle name: W/o Smart On/Off"
"India","🇮🇳","2023-01-02","true","88","B08TV2P1N8","4","Sound quality is very good but build quality in improvement","https://m.media-amazon.com/images/I/51w+F2+Ww1L._SY88.jpg","https://m.media-amazon.com/images/I/61e59PitrRL._SY88.jpg","https://m.media-amazon.com/images/I/71+Ou8DZMIL._SY88.jpg","https://m.media-amazon.com/images/I/81FPaseiPhL._SY88.jpg","https://m.media-amazon.com/images/I/81xNo3SsdGL._SY88.jpg",,,,,,,,,"","Build quality in improvement","https://www.amazon.in/gp/customer-reviews/R1BTLOER44E5AN/ref=cm_cr_arp_d_rvw_ttl?ie=UTF8&ASIN=B08TV2P1N8","Reviewed in India 🇮🇳 on 2 January 2023","Colour: Active BlackStyle name: With Smart On/Off"
"India","🇮🇳","2023-01-12","true","89","B08TV2P1N8","4","Nice product I am satisfied","https://m.media-amazon.com/images/I/51w+F2+Ww1L._SY88.jpg","https://m.media-amazon.com/images/I/61e59PitrRL._SY88.jpg","https://m.media-amazon.com/images/I/71+Ou8DZMIL._SY88.jpg","https://m.media-amazon.com/images/I/81FPaseiPhL._SY88.jpg","https://m.media-amazon.com/images/I/81xNo3SsdGL._SY88.jpg",,,,,,,,,"","Nice product","https://www.amazon.in/gp/customer-reviews/R2RRCIU1HB045Q/ref=cm_cr_arp_d_rvw_ttl?ie=UTF8&ASIN=B08TV2P1N8","Reviewed in India 🇮🇳 on 12 January 2023","Colour: Active BlackStyle name: W/o Smart On/Off"
"India","🇮🇳","2022-12-29","true","90","B08TV2P1N8","4","Oral good product but charging cable not good,( **two time replacement and two times same problem**)","https://m.media-amazon.com/images/I/51w+F2+Ww1L._SY88.jpg","https://m.media-amazon.com/images/I/61e59PitrRL._SY88.jpg","https://m.media-amazon.com/images/I/71+Ou8DZMIL._SY88.jpg","https://m.media-amazon.com/images/I/81FPaseiPhL._SY88.jpg","https://m.media-amazon.com/images/I/81xNo3SsdGL._SY88.jpg",,,,,,,,,"","Very nice product but charging cable not good","https://www.amazon.in/gp/customer-reviews/R2OXFHEO2ZF4J5/ref=cm_cr_arp_d_rvw_ttl?ie=UTF8&ASIN=B08TV2P1N8","Reviewed in India 🇮🇳 on 29 December 2022","Colour: Navy BlueStyle name: W/o Smart On/Off"
"India","🇮🇳","2023-01-28","true","41","B08TV2P1N8","4","Good",,,,,,,,,,,,,,"","Nice","https://www.amazon.in/gp/customer-reviews/R2C9UPYWUSBSYF/ref=cm_cr_arp_d_rvw_ttl?ie=UTF8&ASIN=B08TV2P1N8","Reviewed in India 🇮🇳 on 28 January 2023","Colour: Active BlackStyle name: W/o Smart On/Off"
"India","🇮🇳","2023-01-27","true","42","B08TV2P1N8","4","Magnetic quality of buds are below par.",,,,,,,,,,,,,,"","The magnetic quality of buds are not powerful. Buds keep falling apart.","https://www.amazon.in/gp/customer-reviews/R3RMZ0GAWAQBRV/ref=cm_cr_arp_d_rvw_ttl?ie=UTF8&ASIN=B08TV2P1N8","Reviewed in India 🇮🇳 on 27 January 2023","Colour: Navy BlueStyle name: W/o Smart On/Off"
"India","🇮🇳","2023-01-24","true","43","B08TV2P1N8","4","Overall good",,,,,,,,,,,,,,"","Good","https://www.amazon.in/gp/customer-reviews/R1C9HM1T28ZIZJ/ref=cm_cr_arp_d_rvw_ttl?ie=UTF8&ASIN=B08TV2P1N8","Reviewed in India 🇮🇳 on 24 January 2023","Colour: Active BlackStyle name: W/o Smart On/Off"
"India","🇮🇳","2023-01-03","true","44","B08TV2P1N8","4","The boat  255 neo is best for those who wants to ear music while workout it fit perfectly in my ear ,even if i run fast than also it doesn't drop,and the sound quality you can ear the vocal at full volume , the vocal are clear the bass is high as you aspect from boat and beast mode works verywell,cons is only that i need to purchase 5ww adapter,to secure it's battery",,,,,,,,,,,,,,"13 people found this helpful","Nice","https://www.amazon.in/gp/customer-reviews/R4XYWJ8VOSO3Y/ref=cm_cr_arp_d_rvw_ttl?ie=UTF8&ASIN=B08TV2P1N8","Reviewed in India 🇮🇳 on 3 January 2023","Colour: Maroon MadnessStyle name: With Smart On/Off"
"India","🇮🇳","2022-12-19","true","45","B08TV2P1N8","4","I would recommend it very strongly if you want a budget friendly gaming earphone sometimes may feel a lag after purchasing but after some time it works very fine but it also has some cons like the build quality my earbuds gone worn off by normal daily use as well as there rubber quality is not that much good also mic it is not that good but it is okay so it is the best earphone under your budget....If aman gupta is watching this review you may gift me a earphone 😉😅",,,,,,,,,,,,,,"10 people found this helpful","Nice product","https://www.amazon.in/gp/customer-reviews/R1OPAHCYQF1OK4/ref=cm_cr_arp_d_rvw_ttl?ie=UTF8&ASIN=B08TV2P1N8","Reviewed in India 🇮🇳 on 19 December 2022","Colour: Active BlackStyle name: W/o Smart On/Off"
"India","🇮🇳","2023-01-23","true","46","B08TV2P1N8","4","Superb sound quality",,,,,,,,,,,,,,"","Nice product","https://www.amazon.in/gp/customer-reviews/R3MYE8ZYJ6MNFH/ref=cm_cr_arp_d_rvw_ttl?ie=UTF8&ASIN=B08TV2P1N8","Reviewed in India 🇮🇳 on 23 January 2023","Colour: Navy BlueStyle name: W/o Smart On/Off"
"India","🇮🇳","2023-01-21","true","47","B08TV2P1N8","4","The items connect and words perfectly. Special mention to the king lasting battery life, smoothly works for 2 days straight and at times more.",,,,,,,,,,,,,,"One person found this helpful","Good buy","https://www.amazon.in/gp/customer-reviews/R3M24KJTKZ7T7K/ref=cm_cr_arp_d_rvw_ttl?ie=UTF8&ASIN=B08TV2P1N8","Reviewed in India 🇮🇳 on 21 January 2023","Colour: Active BlackStyle name: W/o Smart On/Off"
"India","🇮🇳","2023-01-26","true","48","B08TV2P1N8","4","Sound or battery service bahut jordar h ek charge me 5-6 din nikal jate hBar bar charging ki problem khatam",,,,,,,,,,,,,,"2 people found this helpful","Owesome","https://www.amazon.in/gp/customer-reviews/R2R1AXQXSKK9VE/ref=cm_cr_arp_d_rvw_ttl?ie=UTF8&ASIN=B08TV2P1N8","Reviewed in India 🇮🇳 on 26 January 2023","Colour: Active BlackStyle name: W/o Smart On/Off"
"India","🇮🇳","2023-01-31","true","49","B08TV2P1N8","4","Sound quality nice",,,,,,,,,,,,,,"","Osm","https://www.amazon.in/gp/customer-reviews/R14J4BJCWD5M90/ref=cm_cr_arp_d_rvw_ttl?ie=UTF8&ASIN=B08TV2P1N8","Reviewed in India 🇮🇳 on 31 January 2023","Colour: Teal GreenStyle name: W/o Smart On/Off"
"India","🇮🇳","2023-01-27","true","50","B08TV2P1N8","4","osm",,,,,,,,,,,,,,"","nice product","https://www.amazon.in/gp/customer-reviews/R2UK44JKJ6YL32/ref=cm_cr_arp_d_rvw_ttl?ie=UTF8&ASIN=B08TV2P1N8","Reviewed in India 🇮🇳 on 27 January 2023","Colour: Active BlackStyle name: With Smart On/Off"
"India","🇮🇳","2023-02-01","true","71","B08TV2P1N8","4","The noice cancellation is not good.","https://m.media-amazon.com/images/I/71bCQY5LwXL._SY88.jpg","https://m.media-amazon.com/images/I/714VD7K1k-L._SY88.jpg","https://m.media-amazon.com/images/I/814tutlRL7L._SY88.jpg","https://m.media-amazon.com/images/I/81Ql7CUDlpL._SY88.jpg","https://m.media-amazon.com/images/I/81Ql7CUDlpL._SY88.jpg","https://m.media-amazon.com/images/I/81teShvRywL._SY88.jpg","https://m.media-amazon.com/images/I/71dclKLj98L._SY88.jpg","https://m.media-amazon.com/images/I/611JhRV-oGL._SY88.jpg","https://m.media-amazon.com/images/I/61PCtXaha9L._SY88.jpg","https://m.media-amazon.com/images/I/61zz9oIwPXL._SY88.jpg","https://m.media-amazon.com/images/I/71XB+NIM3IL._SY88.jpg","https://m.media-amazon.com/images/I/71Zklsdm5JL._SY88.jpg","https://m.media-amazon.com/images/I/81wYv-rhhTL._SY88.jpg","","Very nice and good quality Bluetooth earphone.","https://www.amazon.in/gp/customer-reviews/R2FZ2DBYFL9447?ASIN=B08TV2P1N8","Reviewed in India 🇮🇳 on 1 February 2023","Colour: Navy BlueStyle name: W/o Smart On/Off"
"India","🇮🇳","2023-01-16","true","72","B08TV2P1N8","4","No one can beat this earphone at 1k price.Best in class","https://m.media-amazon.com/images/I/71bCQY5LwXL._SY88.jpg","https://m.media-amazon.com/images/I/714VD7K1k-L._SY88.jpg","https://m.media-amazon.com/images/I/814tutlRL7L._SY88.jpg","https://m.media-amazon.com/images/I/81Ql7CUDlpL._SY88.jpg","https://m.media-amazon.com/images/I/81Ql7CUDlpL._SY88.jpg","https://m.media-amazon.com/images/I/81teShvRywL._SY88.jpg","https://m.media-amazon.com/images/I/71dclKLj98L._SY88.jpg","https://m.media-amazon.com/images/I/611JhRV-oGL._SY88.jpg","https://m.media-amazon.com/images/I/61PCtXaha9L._SY88.jpg","https://m.media-amazon.com/images/I/61zz9oIwPXL._SY88.jpg","https://m.media-amazon.com/images/I/71XB+NIM3IL._SY88.jpg","https://m.media-amazon.com/images/I/71Zklsdm5JL._SY88.jpg","https://m.media-amazon.com/images/I/81wYv-rhhTL._SY88.jpg","2 people found this helpful","Superb_base","https://www.amazon.in/gp/customer-reviews/R3VMXRJH83WMSA?ASIN=B08TV2P1N8","Reviewed in India 🇮🇳 on 16 January 2023","Colour: Active BlackStyle name: W/o Smart On/Off"
"India","🇮🇳","2023-01-06","true","73","B08TV2P1N8","4","Sound qoulity is best but not confitable in my ears after listening 2 hours songs or anything. That's negative pointComes with 1 year warranty","https://m.media-amazon.com/images/I/71bCQY5LwXL._SY88.jpg","https://m.media-amazon.com/images/I/714VD7K1k-L._SY88.jpg","https://m.media-amazon.com/images/I/814tutlRL7L._SY88.jpg","https://m.media-amazon.com/images/I/81Ql7CUDlpL._SY88.jpg","https://m.media-amazon.com/images/I/81Ql7CUDlpL._SY88.jpg","https://m.media-amazon.com/images/I/81teShvRywL._SY88.jpg","https://m.media-amazon.com/images/I/71dclKLj98L._SY88.jpg","https://m.media-amazon.com/images/I/611JhRV-oGL._SY88.jpg","https://m.media-amazon.com/images/I/61PCtXaha9L._SY88.jpg","https://m.media-amazon.com/images/I/61zz9oIwPXL._SY88.jpg","https://m.media-amazon.com/images/I/71XB+NIM3IL._SY88.jpg","https://m.media-amazon.com/images/I/71Zklsdm5JL._SY88.jpg","https://m.media-amazon.com/images/I/81wYv-rhhTL._SY88.jpg","2 people found this helpful","Sound base is best","https://www.amazon.in/gp/customer-reviews/RZYXAS1E59YF8?ASIN=B08TV2P1N8","Reviewed in India 🇮🇳 on 6 January 2023","Colour: Navy BlueStyle name: W/o Smart On/Off"
"India","🇮🇳","2023-01-15","true","74","B08TV2P1N8","4","Good neckband but the sound quality is not so good","https://m.media-amazon.com/images/I/71bCQY5LwXL._SY88.jpg","https://m.media-amazon.com/images/I/714VD7K1k-L._SY88.jpg","https://m.media-amazon.com/images/I/814tutlRL7L._SY88.jpg","https://m.media-amazon.com/images/I/81Ql7CUDlpL._SY88.jpg","https://m.media-amazon.com/images/I/81Ql7CUDlpL._SY88.jpg","https://m.media-amazon.com/images/I/81teShvRywL._SY88.jpg","https://m.media-amazon.com/images/I/71dclKLj98L._SY88.jpg","https://m.media-amazon.com/images/I/611JhRV-oGL._SY88.jpg","https://m.media-amazon.com/images/I/61PCtXaha9L._SY88.jpg","https://m.media-amazon.com/images/I/61zz9oIwPXL._SY88.jpg","https://m.media-amazon.com/images/I/71XB+NIM3IL._SY88.jpg","https://m.media-amazon.com/images/I/71Zklsdm5JL._SY88.jpg","https://m.media-amazon.com/images/I/81wYv-rhhTL._SY88.jpg","","Good neckband but the sound quality is not so good","https://www.amazon.in/gp/customer-reviews/R34SDSQH1E2MMD?ASIN=B08TV2P1N8","Reviewed in India 🇮🇳 on 15 January 2023","Colour: Maroon MadnessStyle name: With Smart On/Off"
"India","🇮🇳","2022-11-28","true","75","B08TV2P1N8","4","Bought them in a hurry so i was surprised how good they were.1. the battery life is amazing, it lasts for a weeks for me (3-4 hr use at 50-60% volume).2. mic is good. no complaints there.3. sound quality have more bass than i usually like but its alright. (comparing to jbl sound signature)the earphones wire is short for me so the neckband hangs for me when i stand.also.it connects to multiple devices at the same time which was an interesting find.edit dec/22: sounds feel a bit flat with muddy bass after comparing it with airpods (not surprised tbh)","https://m.media-amazon.com/images/I/71bCQY5LwXL._SY88.jpg","https://m.media-amazon.com/images/I/714VD7K1k-L._SY88.jpg","https://m.media-amazon.com/images/I/814tutlRL7L._SY88.jpg","https://m.media-amazon.com/images/I/81Ql7CUDlpL._SY88.jpg","https://m.media-amazon.com/images/I/81Ql7CUDlpL._SY88.jpg","https://m.media-amazon.com/images/I/81teShvRywL._SY88.jpg","https://m.media-amazon.com/images/I/71dclKLj98L._SY88.jpg","https://m.media-amazon.com/images/I/611JhRV-oGL._SY88.jpg","https://m.media-amazon.com/images/I/61PCtXaha9L._SY88.jpg","https://m.media-amazon.com/images/I/61zz9oIwPXL._SY88.jpg","https://m.media-amazon.com/images/I/71XB+NIM3IL._SY88.jpg","https://m.media-amazon.com/images/I/71Zklsdm5JL._SY88.jpg","https://m.media-amazon.com/images/I/81wYv-rhhTL._SY88.jpg","9 people found this helpful","amazing battery backup and connectivity","https://www.amazon.in/gp/customer-reviews/R16J2HZ6WUV2Q2?ASIN=B08TV2P1N8","Reviewed in India 🇮🇳 on 28 November 2022","Colour: Navy BlueStyle name: W/o Smart On/Off"
"India","🇮🇳","2023-01-12","true","76","B08TV2P1N8","4","Good","https://m.media-amazon.com/images/I/71bCQY5LwXL._SY88.jpg","https://m.media-amazon.com/images/I/714VD7K1k-L._SY88.jpg","https://m.media-amazon.com/images/I/814tutlRL7L._SY88.jpg","https://m.media-amazon.com/images/I/81Ql7CUDlpL._SY88.jpg","https://m.media-amazon.com/images/I/81Ql7CUDlpL._SY88.jpg","https://m.media-amazon.com/images/I/81teShvRywL._SY88.jpg","https://m.media-amazon.com/images/I/71dclKLj98L._SY88.jpg","https://m.media-amazon.com/images/I/611JhRV-oGL._SY88.jpg","https://m.media-amazon.com/images/I/61PCtXaha9L._SY88.jpg","https://m.media-amazon.com/images/I/61zz9oIwPXL._SY88.jpg","https://m.media-amazon.com/images/I/71XB+NIM3IL._SY88.jpg","https://m.media-amazon.com/images/I/71Zklsdm5JL._SY88.jpg","https://m.media-amazon.com/images/I/81wYv-rhhTL._SY88.jpg","","Good","https://www.amazon.in/gp/customer-reviews/RX9CFRPOM5ZGQ?ASIN=B08TV2P1N8","Reviewed in India 🇮🇳 on 12 January 2023","Colour: Navy BlueStyle name: W/o Smart On/Off"
"India","🇮🇳","2023-01-16","true","77","B08TV2P1N8","4","Well products, I didn't like it very much.","https://m.media-amazon.com/images/I/71bCQY5LwXL._SY88.jpg","https://m.media-amazon.com/images/I/714VD7K1k-L._SY88.jpg","https://m.media-amazon.com/images/I/814tutlRL7L._SY88.jpg","https://m.media-amazon.com/images/I/81Ql7CUDlpL._SY88.jpg","https://m.media-amazon.com/images/I/81Ql7CUDlpL._SY88.jpg","https://m.media-amazon.com/images/I/81teShvRywL._SY88.jpg","https://m.media-amazon.com/images/I/71dclKLj98L._SY88.jpg","https://m.media-amazon.com/images/I/611JhRV-oGL._SY88.jpg","https://m.media-amazon.com/images/I/61PCtXaha9L._SY88.jpg","https://m.media-amazon.com/images/I/61zz9oIwPXL._SY88.jpg","https://m.media-amazon.com/images/I/71XB+NIM3IL._SY88.jpg","https://m.media-amazon.com/images/I/71Zklsdm5JL._SY88.jpg","https://m.media-amazon.com/images/I/81wYv-rhhTL._SY88.jpg","2 people found this helpful","Rockerz 255 Pro+","https://www.amazon.in/gp/customer-reviews/RNX6CVE9MJ896?ASIN=B08TV2P1N8","Reviewed in India 🇮🇳 on 16 January 2023","Colour: Teal GreenStyle name: W/o Smart On/Off"
"India","🇮🇳","2023-01-11","true","78","B08TV2P1N8","4","For music lovers no1 brand, but we can't use in calls communication","https://m.media-amazon.com/images/I/71bCQY5LwXL._SY88.jpg","https://m.media-amazon.com/images/I/714VD7K1k-L._SY88.jpg","https://m.media-amazon.com/images/I/814tutlRL7L._SY88.jpg","https://m.media-amazon.com/images/I/81Ql7CUDlpL._SY88.jpg","https://m.media-amazon.com/images/I/81Ql7CUDlpL._SY88.jpg","https://m.media-amazon.com/images/I/81teShvRywL._SY88.jpg","https://m.media-amazon.com/images/I/71dclKLj98L._SY88.jpg","https://m.media-amazon.com/images/I/611JhRV-oGL._SY88.jpg","https://m.media-amazon.com/images/I/61PCtXaha9L._SY88.jpg","https://m.media-amazon.com/images/I/61zz9oIwPXL._SY88.jpg","https://m.media-amazon.com/images/I/71XB+NIM3IL._SY88.jpg","https://m.media-amazon.com/images/I/71Zklsdm5JL._SY88.jpg","https://m.media-amazon.com/images/I/81wYv-rhhTL._SY88.jpg","","Better for music","https://www.amazon.in/gp/customer-reviews/R2R7LZSA0KKUSZ?ASIN=B08TV2P1N8","Reviewed in India 🇮🇳 on 11 January 2023","Colour: Furious BlueStyle name: With Smart On/Off"
"India","🇮🇳","2023-01-03","true","79","B08TV2P1N8","4","Best bass Quality and noise cancellation.Very Nice Sound Quality.","https://m.media-amazon.com/images/I/71bCQY5LwXL._SY88.jpg","https://m.media-amazon.com/images/I/714VD7K1k-L._SY88.jpg","https://m.media-amazon.com/images/I/814tutlRL7L._SY88.jpg","https://m.media-amazon.com/images/I/81Ql7CUDlpL._SY88.jpg","https://m.media-amazon.com/images/I/81Ql7CUDlpL._SY88.jpg","https://m.media-amazon.com/images/I/81teShvRywL._SY88.jpg","https://m.media-amazon.com/images/I/71dclKLj98L._SY88.jpg","https://m.media-amazon.com/images/I/611JhRV-oGL._SY88.jpg","https://m.media-amazon.com/images/I/61PCtXaha9L._SY88.jpg","https://m.media-amazon.com/images/I/61zz9oIwPXL._SY88.jpg","https://m.media-amazon.com/images/I/71XB+NIM3IL._SY88.jpg","https://m.media-amazon.com/images/I/71Zklsdm5JL._SY88.jpg","https://m.media-amazon.com/images/I/81wYv-rhhTL._SY88.jpg","","Nice Product","https://www.amazon.in/gp/customer-reviews/RI05VR14RN49M?ASIN=B08TV2P1N8","Reviewed in India 🇮🇳 on 3 January 2023","Colour: Active BlackStyle name: With Smart On/Off"
"India","🇮🇳","2023-01-27","true","80","B08TV2P1N8","3","This is by far the worst In-Ear Fit. The buds won't stay secure inside the ear and keeps coming out. It becomes very irritating soon. Even a Rs. 299 BOULT Earphones have a far better and superior grip inside the ear. Build quality is below average. However sound quality is good. Battery life is extremely good. To improve the Earbud Grip I have used the Rubber from a ₹299 Boult Earphones which is far superior in design as compared to Boat. Jugaad! See photos","https://m.media-amazon.com/images/I/71bCQY5LwXL._SY88.jpg","https://m.media-amazon.com/images/I/714VD7K1k-L._SY88.jpg","https://m.media-amazon.com/images/I/814tutlRL7L._SY88.jpg","https://m.media-amazon.com/images/I/81Ql7CUDlpL._SY88.jpg","https://m.media-amazon.com/images/I/81Ql7CUDlpL._SY88.jpg","https://m.media-amazon.com/images/I/81teShvRywL._SY88.jpg","https://m.media-amazon.com/images/I/71dclKLj98L._SY88.jpg","https://m.media-amazon.com/images/I/611JhRV-oGL._SY88.jpg","https://m.media-amazon.com/images/I/61PCtXaha9L._SY88.jpg","https://m.media-amazon.com/images/I/61zz9oIwPXL._SY88.jpg","https://m.media-amazon.com/images/I/71XB+NIM3IL._SY88.jpg","https://m.media-amazon.com/images/I/71Zklsdm5JL._SY88.jpg","https://m.media-amazon.com/images/I/81wYv-rhhTL._SY88.jpg","One person found this helpful","Good Sound BUT Very Poor (In-Ear Grip) Fit & Poor Build Quality","https://www.amazon.in/gp/customer-reviews/RITKLFBRP4I2U?ASIN=B08TV2P1N8","Reviewed in India 🇮🇳 on 27 January 2023","Colour: Teal GreenStyle name: W/o Smart On/Off"
"India","🇮🇳","2023-02-06","true","31","B08TV2P1N8","4","Everything is good except it's usability after using it for an hour it hurts my ear","https://m.media-amazon.com/images/I/61pHayW4ITL._SY88.jpg","https://m.media-amazon.com/images/I/61qPHVYzCHL._SY88.jpg",,,,,,,,,,,,"4 people found this helpful","Everything is good except","https://www.amazon.in/gp/customer-reviews/REJQH6SXSF9TA/ref=cm_cr_arp_d_rvw_ttl?ie=UTF8&ASIN=B08TV2P1N8","Reviewed in India 🇮🇳 on 6 February 2023","Colour: Active BlackStyle name: W/o Smart On/Off"
"India","🇮🇳","2023-02-04","true","32","B08TV2P1N8","4","Jordar bettary back ap","https://m.media-amazon.com/images/I/61pHayW4ITL._SY88.jpg","https://m.media-amazon.com/images/I/61qPHVYzCHL._SY88.jpg",,,,,,,,,,,,"","Good base and sound colety","https://www.amazon.in/gp/customer-reviews/R33LO5OSW65MV1/ref=cm_cr_arp_d_rvw_ttl?ie=UTF8&ASIN=B08TV2P1N8","Reviewed in India 🇮🇳 on 4 February 2023","Colour: Active BlackStyle name: W/o Smart On/Off"
"India","🇮🇳","2023-02-09","true","33","B08TV2P1N8","4","This product very nice","https://m.media-amazon.com/images/I/61pHayW4ITL._SY88.jpg","https://m.media-amazon.com/images/I/61qPHVYzCHL._SY88.jpg",,,,,,,,,,,,"One person found this helpful","Battery capacity is super","https://www.amazon.in/gp/customer-reviews/R11U4WO4FACJLI/ref=cm_cr_arp_d_rvw_ttl?ie=UTF8&ASIN=B08TV2P1N8","Reviewed in India 🇮🇳 on 9 February 2023","Colour: Active BlackStyle name: W/o Smart On/Off"
"India","🇮🇳","2023-02-03","true","34","B08TV2P1N8","4","Not so comfortable to ears.","https://m.media-amazon.com/images/I/61pHayW4ITL._SY88.jpg","https://m.media-amazon.com/images/I/61qPHVYzCHL._SY88.jpg",,,,,,,,,,,,"","Okee to use.","https://www.amazon.in/gp/customer-reviews/R1JVJZMVKRSGX7/ref=cm_cr_arp_d_rvw_ttl?ie=UTF8&ASIN=B08TV2P1N8","Reviewed in India 🇮🇳 on 3 February 2023","Colour: Teal GreenStyle name: W/o Smart On/Off"
"India","🇮🇳","2023-02-07","true","35","B08TV2P1N8","4","Affordable  yet good","https://m.media-amazon.com/images/I/61pHayW4ITL._SY88.jpg","https://m.media-amazon.com/images/I/61qPHVYzCHL._SY88.jpg",,,,,,,,,,,,"","Good","https://www.amazon.in/gp/customer-reviews/R28PEDOOBRBG2D/ref=cm_cr_arp_d_rvw_ttl?ie=UTF8&ASIN=B08TV2P1N8","Reviewed in India 🇮🇳 on 7 February 2023","Colour: Teal GreenStyle name: W/o Smart On/Off"
"India","🇮🇳","2023-02-05","true","36","B08TV2P1N8","4","Mindblowing sound and bass","https://m.media-amazon.com/images/I/61pHayW4ITL._SY88.jpg","https://m.media-amazon.com/images/I/61qPHVYzCHL._SY88.jpg",,,,,,,,,,,,"","Excellent","https://www.amazon.in/gp/customer-reviews/R2ND6USDG78UOD/ref=cm_cr_arp_d_rvw_ttl?ie=UTF8&ASIN=B08TV2P1N8","Reviewed in India 🇮🇳 on 5 February 2023","Colour: Maroon MadnessStyle name: With Smart On/Off"
"India","🇮🇳","2023-01-26","true","37","B08TV2P1N8","4","Earphones are good and sound quality is also good. But outer shell of earbuds is very much hard...so that slip again and again from ear","https://m.media-amazon.com/images/I/61pHayW4ITL._SY88.jpg","https://m.media-amazon.com/images/I/61qPHVYzCHL._SY88.jpg",,,,,,,,,,,,"","Outer shell very hard","https://www.amazon.in/gp/customer-reviews/R23Q2YLO5M9SBU/ref=cm_cr_arp_d_rvw_ttl?ie=UTF8&ASIN=B08TV2P1N8","Reviewed in India 🇮🇳 on 26 January 2023","Colour: Active BlackStyle name: W/o Smart On/Off"
"India","🇮🇳","2023-02-06","true","38","B08TV2P1N8","4","Good product spaslly wire and sound","https://m.media-amazon.com/images/I/61pHayW4ITL._SY88.jpg","https://m.media-amazon.com/images/I/61qPHVYzCHL._SY88.jpg",,,,,,,,,,,,"","Product","https://www.amazon.in/gp/customer-reviews/R35RXGTONBEHWF/ref=cm_cr_arp_d_rvw_ttl?ie=UTF8&ASIN=B08TV2P1N8","Reviewed in India 🇮🇳 on 6 February 2023","Colour: Teal GreenStyle name: W/o Smart On/Off"
"India","🇮🇳","2023-02-07","true","39","B08TV2P1N8","4","Good prodect","https://m.media-amazon.com/images/I/61pHayW4ITL._SY88.jpg","https://m.media-amazon.com/images/I/61qPHVYzCHL._SY88.jpg",,,,,,,,,,,,"","Good","https://www.amazon.in/gp/customer-reviews/R13LX0R0CSJ83J/ref=cm_cr_arp_d_rvw_ttl?ie=UTF8&ASIN=B08TV2P1N8","Reviewed in India 🇮🇳 on 7 February 2023","Colour: Active BlackStyle name: W/o Smart On/Off"
"India","🇮🇳","2023-02-06","true","40","B08TV2P1N8","4","good","https://m.media-amazon.com/images/I/61pHayW4ITL._SY88.jpg","https://m.media-amazon.com/images/I/61qPHVYzCHL._SY88.jpg",,,,,,,,,,,,"","good","https://www.amazon.in/gp/customer-reviews/R2BCMQB8I12BP4/ref=cm_cr_arp_d_rvw_ttl?ie=UTF8&ASIN=B08TV2P1N8","Reviewed in India 🇮🇳 on 6 February 2023","Colour: Teal GreenStyle name: W/o Smart On/Off"
