"country","countryCode","date","isVerified","position","productAsin","ratingScore","reviewDescription","reviewImages/0","reviewImages/1","reviewImages/2","reviewImages/3","reviewReaction","reviewTitle","reviewUrl","reviewedIn","variant"
"India",,"2023-02-11","true","1","B08PDGRR32","4","Great speakers for Indoors (Only transmits sound from front not from back. It's serves the purpose though)Decent Battery life, RGB lights & It's controls are easy to understand, Mostly will use mobile or PC controls anyway :).I would say charging time was a huge con , It'll take about 4 hours 30 mins to charge it from 0 to 100%,of course they mentioned it will take 4 hours, but it can be improved as cost is bit high.✌️","https://m.media-amazon.com/images/I/81I7MjEkkoL._SY88.jpg",,,,"One person found this helpful","Everything is great except charging.","https://www.amazon.in/gp/customer-reviews/R1YL5DV22L76HX/ref=cm_cr_arp_d_rvw_ttl?ie=UTF8&ASIN=B08PDGRR32","Reviewed in India on 11 February 2023","Style name: 1200Colour: Black"
"India",,"2023-01-14","true","2","B08PDGRR32","4","Battery life indication is not properly working when 70 to 100% life. This is only cons i have seen since 15 days usage. Backup time around 6 hrs at 65% volume with RGB ON. I'm fully satisfied about battery life.Bluetooth connectivity is superb. Mobile is in terrace where speaker is in ground floor awesome working without distraction.Sound and voice is crystal clear while using low volume and then high volume bass is superb. I'm in rural area the FM is connected, its tuning and tuning but not further connected i think the frequency of the product is above 100Hz thats the reason, so main concern for myself.I recommend to buy this product surely.","https://m.media-amazon.com/images/I/81I7MjEkkoL._SY88.jpg",,,,"7 people found this helpful","Battery indication and FM connection","https://www.amazon.in/gp/customer-reviews/RCGWA3LB4LBZI/ref=cm_cr_arp_d_rvw_ttl?ie=UTF8&ASIN=B08PDGRR32","Reviewed in India on 14 January 2023","Style name: 1200Colour: Maroon"
"India",,"2022-12-23","true","3","B08PDGRR32","4","Before we buy this we always look for an honest feedbacks in the feedback sections because we don't wanna take risk with spending money.So here's the take: If you live in an apartment or a room then buy this, it has more than average bass and sound is good as well. Dont go with the video comparisons on YouTube it will only confuse you. The only cons is the battery , if you blast on a high volume it will last 3 hours but that's enough for anyone.If you play it in 50 to 70 percent volume which also sounds high then it will last 8 hours.Good luck with the purchase.","https://m.media-amazon.com/images/I/81I7MjEkkoL._SY88.jpg",,,,"19 people found this helpful","Good for a room party.","https://www.amazon.in/gp/customer-reviews/RTNRDG7U46CM5/ref=cm_cr_arp_d_rvw_ttl?ie=UTF8&ASIN=B08PDGRR32","Reviewed in India on 23 December 2022","Style name: 1200Colour: Black"
"India",,"2023-01-20","true","4","B08PDGRR32","4","Just one thing the fm is minus point for me as i have tried so many times but i canot connect to fm , and besides it nothing to worry about you can go for it .","https://m.media-amazon.com/images/I/81I7MjEkkoL._SY88.jpg",,,,"3 people found this helpful","Its a very satisfying bluetooth speaker , you will not regret buying this","https://www.amazon.in/gp/customer-reviews/R3OAVFVDVQ86M7/ref=cm_cr_arp_d_rvw_ttl?ie=UTF8&ASIN=B08PDGRR32","Reviewed in India on 20 January 2023","Style name: 1200Colour: Maroon"
"India",,"2023-01-25","true","5","B08PDGRR32","4","Sound quality is good at this price point but it is not delivering battery backup that Boat is claiming......!!","https://m.media-amazon.com/images/I/81I7MjEkkoL._SY88.jpg",,,,"2 people found this helpful","Nice Product...!!","https://www.amazon.in/gp/customer-reviews/R2UTOX98EXIO81/ref=cm_cr_arp_d_rvw_ttl?ie=UTF8&ASIN=B08PDGRR32","Reviewed in India on 25 January 2023","Style name: 1200Colour: Blue"
"India",,"2023-01-27","true","6","B08PDGRR32","4","Good quality but needed more volume","https://m.media-amazon.com/images/I/81I7MjEkkoL._SY88.jpg",,,,"","Worth of money","https://www.amazon.in/gp/customer-reviews/RV5MPVJCH31PL/ref=cm_cr_arp_d_rvw_ttl?ie=UTF8&ASIN=B08PDGRR32","Reviewed in India on 27 January 2023","Style name: 1200Colour: Black"
"India",,"2023-02-06","true","7","B08PDGRR32","4","I'm 3.5 star rating for Regan the body material low  but sound is good light is good","https://m.media-amazon.com/images/I/81I7MjEkkoL._SY88.jpg",,,,"","Saund quality is good but innar material  body  fiber aplastic is very low quality","https://www.amazon.in/gp/customer-reviews/R3BHLMJGWQNAL7/ref=cm_cr_arp_d_rvw_ttl?ie=UTF8&ASIN=B08PDGRR32","Reviewed in India on 6 February 2023","Style name: 1200Colour: Maroon"
"India",,"2023-01-22","true","8","B08PDGRR32","4","Everything is good axcept battery is not going to be long time. Thankyou.","https://m.media-amazon.com/images/I/81I7MjEkkoL._SY88.jpg",,,,"One person found this helpful","It's very good product and value for money","https://www.amazon.in/gp/customer-reviews/R3Q4WG7KPJOXKJ/ref=cm_cr_arp_d_rvw_ttl?ie=UTF8&ASIN=B08PDGRR32","Reviewed in India on 22 January 2023","Style name: 1200Colour: Blue"
"India",,"2023-01-19","true","9","B08PDGRR32","4","Amazon products package was very. Good and on time delivered I am completely satisfied","https://m.media-amazon.com/images/I/81I7MjEkkoL._SY88.jpg",,,,"One person found this helpful","Value for money","https://www.amazon.in/gp/customer-reviews/R1ABFELAMDN8ZF/ref=cm_cr_arp_d_rvw_ttl?ie=UTF8&ASIN=B08PDGRR32","Reviewed in India on 19 January 2023","Style name: 1200Colour: Black"
"India",,"2023-02-14","true","10","B08PDGRR32","4","","https://m.media-amazon.com/images/I/81I7MjEkkoL._SY88.jpg",,,,"One person found this helpful","Awesome sound quality","https://www.amazon.in/gp/customer-reviews/RCD2JDRZF9P54/ref=cm_cr_arp_d_rvw_ttl?ie=UTF8&ASIN=B08PDGRR32","Reviewed in India on 14 February 2023","Style name: 1200Colour: Blue"
"India","🇮🇳","2023-02-04","true","31","B08PDGRR32","5","Amazing sound quality. Worth for price. Best product 🔥","https://m.media-amazon.com/images/I/61tZqDp+TOL._SY88.jpg","https://m.media-amazon.com/images/I/714lE4pWjNL._SY88.jpg","https://m.media-amazon.com/images/I/71uXRW-rP6L._SY88.jpg","https://m.media-amazon.com/images/I/71W6iIz5s7L._SY88.jpg","","Can't search like a product like this one🔥","https://www.amazon.in/gp/customer-reviews/R337NOD2Q8IRUB/ref=cm_cr_arp_d_rvw_ttl?ie=UTF8&ASIN=B08PDGRR32","Reviewed in India 🇮🇳 on 4 February 2023","Style name: 1200Colour: Black"
"India","🇮🇳","2023-01-09","true","32","B08PDGRR32","5","Please don't Buy this product. ❌No doubt the product quality is good but the customer support is as worst as possible.Please go for any other brand but not this, really felt so uncomfortable while claiming the guarantee. If I rank the product its 8/10... But if I rank the service team and the customer support it will be 1/10.I've suffered alot, writing this comment to guide others who are just going to purchase it now.","https://m.media-amazon.com/images/I/61tZqDp+TOL._SY88.jpg","https://m.media-amazon.com/images/I/714lE4pWjNL._SY88.jpg","https://m.media-amazon.com/images/I/71uXRW-rP6L._SY88.jpg","https://m.media-amazon.com/images/I/71W6iIz5s7L._SY88.jpg","4 people found this helpful","Worst Customer Support, Please Don't But this product.","https://www.amazon.in/gp/customer-reviews/RATRY8WN5K91K/ref=cm_cr_arp_d_rvw_ttl?ie=UTF8&ASIN=B08PDGRR32","Reviewed in India 🇮🇳 on 9 January 2023","Style name: 1200Colour: Black"
"India","🇮🇳","2022-11-28","true","33","B08PDGRR32","4","Awesome speaker at this price range!!! 🤩🤩","https://m.media-amazon.com/images/I/61tZqDp+TOL._SY88.jpg","https://m.media-amazon.com/images/I/714lE4pWjNL._SY88.jpg","https://m.media-amazon.com/images/I/71uXRW-rP6L._SY88.jpg","https://m.media-amazon.com/images/I/71W6iIz5s7L._SY88.jpg","","Great","https://www.amazon.in/gp/customer-reviews/RJWQZ4J8D8D43/ref=cm_cr_arp_d_rvw_ttl?ie=UTF8&ASIN=B08PDGRR32","Reviewed in India 🇮🇳 on 28 November 2022","Style name: 1200Colour: Blue"
"India","🇮🇳","2022-11-29","true","34","B08PDGRR32","4","Worth for the money and late charging. Battery 🔋 long last","https://m.media-amazon.com/images/I/61tZqDp+TOL._SY88.jpg","https://m.media-amazon.com/images/I/714lE4pWjNL._SY88.jpg","https://m.media-amazon.com/images/I/71uXRW-rP6L._SY88.jpg","https://m.media-amazon.com/images/I/71W6iIz5s7L._SY88.jpg","","Sound quality is awesome and easy to carry","https://www.amazon.in/gp/customer-reviews/R14FCMNW2JTJ3V/ref=cm_cr_arp_d_rvw_ttl?ie=UTF8&ASIN=B08PDGRR32","Reviewed in India 🇮🇳 on 29 November 2022","Style name: 1200Colour: Blue"
"India","🇮🇳","2023-02-04","true","35","B08PDGRR32","5","Best quality","https://m.media-amazon.com/images/I/61tZqDp+TOL._SY88.jpg","https://m.media-amazon.com/images/I/714lE4pWjNL._SY88.jpg","https://m.media-amazon.com/images/I/71uXRW-rP6L._SY88.jpg","https://m.media-amazon.com/images/I/71W6iIz5s7L._SY88.jpg","","Top quality top sound","https://www.amazon.in/gp/customer-reviews/R1Q408TMLHCVF3/ref=cm_cr_arp_d_rvw_ttl?ie=UTF8&ASIN=B08PDGRR32","Reviewed in India 🇮🇳 on 4 February 2023","Style name: 1200Colour: Black"
"India","🇮🇳","2023-01-21","true","36","B08PDGRR32","5","Sound quality is good.bluetuth connectivity good.battery life is somethind disappoint but overall product is awesome.i recommend to buy.","https://m.media-amazon.com/images/I/61tZqDp+TOL._SY88.jpg","https://m.media-amazon.com/images/I/714lE4pWjNL._SY88.jpg","https://m.media-amazon.com/images/I/71uXRW-rP6L._SY88.jpg","https://m.media-amazon.com/images/I/71W6iIz5s7L._SY88.jpg","","Bomb speaker","https://www.amazon.in/gp/customer-reviews/RA0YARAOQ8GSE/ref=cm_cr_arp_d_rvw_ttl?ie=UTF8&ASIN=B08PDGRR32","Reviewed in India 🇮🇳 on 21 January 2023","Style name: 1200Colour: Black"
"India","🇮🇳","2023-01-29","true","37","B08PDGRR32","3","Battery durations","https://m.media-amazon.com/images/I/61tZqDp+TOL._SY88.jpg","https://m.media-amazon.com/images/I/714lE4pWjNL._SY88.jpg","https://m.media-amazon.com/images/I/71uXRW-rP6L._SY88.jpg","https://m.media-amazon.com/images/I/71W6iIz5s7L._SY88.jpg","","Battery duration is not that great...it's ok ok","https://www.amazon.in/gp/customer-reviews/R28ODQAOEPN7FP/ref=cm_cr_arp_d_rvw_ttl?ie=UTF8&ASIN=B08PDGRR32","Reviewed in India 🇮🇳 on 29 January 2023","Style name: 1200Colour: Maroon"
"India","🇮🇳","2022-10-13","true","38","B08PDGRR32","4","Just received it two days ago, and so far… it’s doing well for itself. However, I was expecting more bass, more depth towards softer tones or background sounds in videos, for it’s size is quite big!As per connectivity issues, it does get disconnected here n there, n gets connected again. The voice stared to distort once in between these two days too…Hopefully the minor problems won’t become major as time passes by.","https://m.media-amazon.com/images/I/61tZqDp+TOL._SY88.jpg","https://m.media-amazon.com/images/I/714lE4pWjNL._SY88.jpg","https://m.media-amazon.com/images/I/71uXRW-rP6L._SY88.jpg","https://m.media-amazon.com/images/I/71W6iIz5s7L._SY88.jpg","5 people found this helpful","Great quality for it’s price","https://www.amazon.in/gp/customer-reviews/RISVHOVR81W2A/ref=cm_cr_arp_d_rvw_ttl?ie=UTF8&ASIN=B08PDGRR32","Reviewed in India 🇮🇳 on 13 October 2022","Style name: 1200Colour: Black"
"India","🇮🇳","2023-01-22","true","39","B08PDGRR32","3","Sudden this device off when sound is high.....","https://m.media-amazon.com/images/I/61tZqDp+TOL._SY88.jpg","https://m.media-amazon.com/images/I/714lE4pWjNL._SY88.jpg","https://m.media-amazon.com/images/I/71uXRW-rP6L._SY88.jpg","https://m.media-amazon.com/images/I/71W6iIz5s7L._SY88.jpg","","Sudden off when volume high...","https://www.amazon.in/gp/customer-reviews/R9U0RKCP1L1WC/ref=cm_cr_arp_d_rvw_ttl?ie=UTF8&ASIN=B08PDGRR32","Reviewed in India 🇮🇳 on 22 January 2023","Style name: 1200Colour: Blue"
"India","🇮🇳","2023-01-19","true","40","B08PDGRR32","5","Speaker is very good as per price. Best thing about this speak is its bass. I love it, don't think twice just go for it.","https://m.media-amazon.com/images/I/61tZqDp+TOL._SY88.jpg","https://m.media-amazon.com/images/I/714lE4pWjNL._SY88.jpg","https://m.media-amazon.com/images/I/71uXRW-rP6L._SY88.jpg","https://m.media-amazon.com/images/I/71W6iIz5s7L._SY88.jpg","One person found this helpful","Best in this rage","https://www.amazon.in/gp/customer-reviews/R6JIHLFFJKEOY/ref=cm_cr_arp_d_rvw_ttl?ie=UTF8&ASIN=B08PDGRR32","Reviewed in India 🇮🇳 on 19 January 2023","Style name: 1200Colour: Blue"
"India",,"2022-10-27","true","71","B08PDGRR32","4","Say 9 hours but is runs upto 6-7 hours","https://m.media-amazon.com/images/I/61YbgHWSR0L._SY88.jpg",,,,"","Batter backup is not so good","https://www.amazon.in/gp/customer-reviews/R35CN86Q9WL9RW/ref=cm_cr_arp_d_rvw_ttl?ie=UTF8&ASIN=B08PDGRR32","Reviewed in India on 27 October 2022","Style name: 1200Colour: Black"
"India",,"2022-11-03","true","72","B08PDGRR32","4","Nice","https://m.media-amazon.com/images/I/61YbgHWSR0L._SY88.jpg",,,,"One person found this helpful","Bettery is not good","https://www.amazon.in/gp/customer-reviews/R1X87R0ITSZXF2/ref=cm_cr_arp_d_rvw_ttl?ie=UTF8&ASIN=B08PDGRR32","Reviewed in India on 3 November 2022","Style name: 1200Colour: Maroon"
"India",,"2022-10-31","true","73","B08PDGRR32","4","Best sound quality","https://m.media-amazon.com/images/I/61YbgHWSR0L._SY88.jpg",,,,"One person found this helpful","S","https://www.amazon.in/gp/customer-reviews/R1LEJ29GNCJ3Q8/ref=cm_cr_arp_d_rvw_ttl?ie=UTF8&ASIN=B08PDGRR32","Reviewed in India on 31 October 2022","Style name: 1200Colour: Maroon"
"India",,"2022-10-30","true","74","B08PDGRR32","4","Sound quality is better","https://m.media-amazon.com/images/I/61YbgHWSR0L._SY88.jpg",,,,"","Awesome","https://www.amazon.in/gp/customer-reviews/R17VZ0W9VLKD0G/ref=cm_cr_arp_d_rvw_ttl?ie=UTF8&ASIN=B08PDGRR32","Reviewed in India on 30 October 2022","Style name: 1200Colour: Black"
"India",,"2022-10-25","true","75","B08PDGRR32","4","Sound is not good bass it's  ok","https://m.media-amazon.com/images/I/61YbgHWSR0L._SY88.jpg",,,,"","Sound not clear","https://www.amazon.in/gp/customer-reviews/R3NKU2JZKC9FZ1/ref=cm_cr_arp_d_rvw_ttl?ie=UTF8&ASIN=B08PDGRR32","Reviewed in India on 25 October 2022","Style name: 1200Colour: Maroon"
"India",,"2022-10-29","true","76","B08PDGRR32","4","ಚೆನ್ನಾಗಿದೆ , ಉತ್ತಮ ಗುಣಮಟ್ಟದ ಉತ್ಪನ್ನ","https://m.media-amazon.com/images/I/61YbgHWSR0L._SY88.jpg",,,,"","ಚೆನ್ನಾಗಿದೆ","https://www.amazon.in/gp/customer-reviews/R2VONI3P70W9CN/ref=cm_cr_arp_d_rvw_ttl?ie=UTF8&ASIN=B08PDGRR32","Reviewed in India on 29 October 2022","Style name: 1200Colour: Black"
"India",,"2022-12-15","true","77","B08PDGRR32","3","Worst Battery backup","https://m.media-amazon.com/images/I/61YbgHWSR0L._SY88.jpg",,,,"","Worst Battery backup","https://www.amazon.in/gp/customer-reviews/R1H1L3JGNERPM0/ref=cm_cr_arp_d_rvw_ttl?ie=UTF8&ASIN=B08PDGRR32","Reviewed in India on 15 December 2022","Style name: 1200Colour: Blue"
"India",,"2023-01-08","true","78","B08PDGRR32","5","Product is nice","https://m.media-amazon.com/images/I/61YbgHWSR0L._SY88.jpg",,,,"","Best quality","https://www.amazon.in/gp/customer-reviews/R19VVVERKYNR54/ref=cm_cr_arp_d_rvw_ttl?ie=UTF8&ASIN=B08PDGRR32","Reviewed in India on 8 January 2023","Style name: 1200Colour: Black"
"India",,"2022-12-16","true","79","B08PDGRR32","3","Very good","https://m.media-amazon.com/images/I/61YbgHWSR0L._SY88.jpg",,,,"","Good","https://www.amazon.in/gp/customer-reviews/R8CPSRD5F0HB/ref=cm_cr_arp_d_rvw_ttl?ie=UTF8&ASIN=B08PDGRR32","Reviewed in India on 16 December 2022","Style name: 1200Colour: Maroon"
"India",,"2022-10-15","true","80","B08PDGRR32","4","Battery life is low.Led lights are not that good.Bass is bestSound quality is also bestBut is Price high.","https://m.media-amazon.com/images/I/61YbgHWSR0L._SY88.jpg",,,,"One person found this helpful","Best part is bass","https://www.amazon.in/gp/customer-reviews/R28YFLO1YAPFHB/ref=cm_cr_arp_d_rvw_ttl?ie=UTF8&ASIN=B08PDGRR32","Reviewed in India on 15 October 2022","Style name: 1200Colour: Maroon"
"India","🇮🇳","2023-01-17","true","61","B08PDGRR32","5","I like boat 1200","https://m.media-amazon.com/images/I/81Vsbj3jHvL._SY88.jpg",,,,"","Sound quality,Bluetooth &Battery is awasum","https://www.amazon.in/gp/customer-reviews/R1IV7QCVJJSCJW/ref=cm_cr_arp_d_rvw_ttl?ie=UTF8&ASIN=B08PDGRR32","Reviewed in India 🇮🇳 on 17 January 2023","Style name: 1200Colour: Black"
"India","🇮🇳","2023-01-19","true","62","B08PDGRR32","5","great product in this budget","https://m.media-amazon.com/images/I/81Vsbj3jHvL._SY88.jpg",,,,"","Jabardast must buy","https://www.amazon.in/gp/customer-reviews/R3G7KH28H9HEB1/ref=cm_cr_arp_d_rvw_ttl?ie=UTF8&ASIN=B08PDGRR32","Reviewed in India 🇮🇳 on 19 January 2023","Style name: 1200Colour: Black"
"India","🇮🇳","2022-11-04","true","63","B08PDGRR32","4","Sound quality very nice and Bluetooth jabardast bettery long life","https://m.media-amazon.com/images/I/81Vsbj3jHvL._SY88.jpg",,,,"","Very nice products","https://www.amazon.in/gp/customer-reviews/R3U4XITEBF3N48/ref=cm_cr_arp_d_rvw_ttl?ie=UTF8&ASIN=B08PDGRR32","Reviewed in India 🇮🇳 on 4 November 2022","Style name: 1200Colour: Black"
"India","🇮🇳","2022-11-07","true","64","B08PDGRR32","4","More sound required , great base .","https://m.media-amazon.com/images/I/81Vsbj3jHvL._SY88.jpg",,,,"","Bass","https://www.amazon.in/gp/customer-reviews/R34Q0RQ3GYVYX6/ref=cm_cr_arp_d_rvw_ttl?ie=UTF8&ASIN=B08PDGRR32","Reviewed in India 🇮🇳 on 7 November 2022","Style name: 1200Colour: Maroon"
"India","🇮🇳","2022-12-29","true","65","B08PDGRR32","3","Battery capacity very low.","https://m.media-amazon.com/images/I/81Vsbj3jHvL._SY88.jpg",,,,"","Battery 🔋","https://www.amazon.in/gp/customer-reviews/R1YXPP6SX7PHRV/ref=cm_cr_arp_d_rvw_ttl?ie=UTF8&ASIN=B08PDGRR32","Reviewed in India 🇮🇳 on 29 December 2022","Style name: 1200Colour: Maroon"
"India","🇮🇳","2022-11-04","true","66","B08PDGRR32","4","Battery life depends on Sound level.","https://m.media-amazon.com/images/I/81Vsbj3jHvL._SY88.jpg",,,,"","Worth 3000","https://www.amazon.in/gp/customer-reviews/RANOE47UDGO76/ref=cm_cr_arp_d_rvw_ttl?ie=UTF8&ASIN=B08PDGRR32","Reviewed in India 🇮🇳 on 4 November 2022","Style name: 1200Colour: Maroon"
"India","🇮🇳","2022-10-27","true","67","B08PDGRR32","4","LOVE IT WE ITS NEXT UPDATE OR MODEL 🤠","https://m.media-amazon.com/images/I/81Vsbj3jHvL._SY88.jpg",,,,"","While charging don't listen any song in it","https://www.amazon.in/gp/customer-reviews/R1IE68ZNNQFY4O/ref=cm_cr_arp_d_rvw_ttl?ie=UTF8&ASIN=B08PDGRR32","Reviewed in India 🇮🇳 on 27 October 2022","Style name: 1200Colour: Blue"
"India","🇮🇳","2022-10-27","true","68","B08PDGRR32","4","काफी loud ह,बेस भी गजब हैफुल चार्ज होकर,फुल आवाज में 3 घण्टे चल जाता है","https://m.media-amazon.com/images/I/81Vsbj3jHvL._SY88.jpg",,,,"","गज़ब मस्त आवाज ह","https://www.amazon.in/gp/customer-reviews/R2RC3WGSKU07JW/ref=cm_cr_arp_d_rvw_ttl?ie=UTF8&ASIN=B08PDGRR32","Reviewed in India 🇮🇳 on 27 October 2022","Style name: 1200Colour: Maroon"
"India","🇮🇳","2022-10-13","true","69","B08PDGRR32","4","Actually It So Time To Charge It one of the Dis advantage But So Sound Soo Good If You Listen 60 To 70 It Super Clear Voice and Lyrics Overall So Good...","https://m.media-amazon.com/images/I/81Vsbj3jHvL._SY88.jpg",,,,"One person found this helpful","All Rounder","https://www.amazon.in/gp/customer-reviews/R1ORWZCVF207YI/ref=cm_cr_arp_d_rvw_ttl?ie=UTF8&ASIN=B08PDGRR32","Reviewed in India 🇮🇳 on 13 October 2022","Style name: 1200Colour: Blue"
"India","🇮🇳","2022-10-23","true","70","B08PDGRR32","4","All is good except battery life. If from starting this is situation then I guess within a year it will need constant power.","https://m.media-amazon.com/images/I/81Vsbj3jHvL._SY88.jpg",,,,"","Battery is disappointing charging time is longer and draining is  faster than that","https://www.amazon.in/gp/customer-reviews/R3PAKBE2DP5MFZ/ref=cm_cr_arp_d_rvw_ttl?ie=UTF8&ASIN=B08PDGRR32","Reviewed in India 🇮🇳 on 23 October 2022","Style name: 1200Colour: Black"
"India",,"2022-10-07","true","91","B08PDGRR32","4","Good speaker GOOD sound quality and bass also good FM Not working That's the only problem","https://m.media-amazon.com/images/I/713xMniQWUL._SY88.jpg","https://m.media-amazon.com/images/I/71CFdXtKQkL._SY88.jpg",,,"One person found this helpful","FM not working","https://www.amazon.in/gp/customer-reviews/R2PK2TQ8RSDJ88/ref=cm_cr_arp_d_rvw_ttl?ie=UTF8&ASIN=B08PDGRR32","Reviewed in India on 7 October 2022","Style name: 1200Colour: Maroon"
"India",,"2022-12-20","true","92","B08PDGRR32","5","Sounds very well with Boat signature audio quality. Audio is very balanced and bass is good.","https://m.media-amazon.com/images/I/713xMniQWUL._SY88.jpg","https://m.media-amazon.com/images/I/71CFdXtKQkL._SY88.jpg",,,"","Best RGB lights","https://www.amazon.in/gp/customer-reviews/REI4I19UA1NHK/ref=cm_cr_arp_d_rvw_ttl?ie=UTF8&ASIN=B08PDGRR32","Reviewed in India on 20 December 2022","Style name: 1200Colour: Black"
"India",,"2022-10-14","true","93","B08PDGRR32","4","Sound quality was good but but excellent","https://m.media-amazon.com/images/I/713xMniQWUL._SY88.jpg","https://m.media-amazon.com/images/I/71CFdXtKQkL._SY88.jpg",,,"","Build quality is good but sound clarity can be improved more","https://www.amazon.in/gp/customer-reviews/R34OBIXRQUY6LR/ref=cm_cr_arp_d_rvw_ttl?ie=UTF8&ASIN=B08PDGRR32","Reviewed in India on 14 October 2022","Style name: 1200Colour: Black"
"India",,"2022-10-15","true","94","B08PDGRR32","4","I like the product but battery backup don't like","https://m.media-amazon.com/images/I/713xMniQWUL._SY88.jpg","https://m.media-amazon.com/images/I/71CFdXtKQkL._SY88.jpg",,,"One person found this helpful","Battery backup is nothing according to products","https://www.amazon.in/gp/customer-reviews/R3811R6UKNI3A0/ref=cm_cr_arp_d_rvw_ttl?ie=UTF8&ASIN=B08PDGRR32","Reviewed in India on 15 October 2022","Style name: 1200Colour: Blue"
"India",,"2022-10-07","true","95","B08PDGRR32","4","It's giving only 1-2 hrs battery backup. Only problem with battery Otherwise its excellent.","https://m.media-amazon.com/images/I/713xMniQWUL._SY88.jpg","https://m.media-amazon.com/images/I/71CFdXtKQkL._SY88.jpg",,,"","Battery drain too fast.","https://www.amazon.in/gp/customer-reviews/R6IVDOZW49VZ3/ref=cm_cr_arp_d_rvw_ttl?ie=UTF8&ASIN=B08PDGRR32","Reviewed in India on 7 October 2022","Style name: 1200Colour: Blue"
"India",,"2022-12-14","true","96","B08PDGRR32","5","Value for money! Use it wisely if you listen for long hours battery might drain so turn off RGB when you listen to music or anything else.","https://m.media-amazon.com/images/I/713xMniQWUL._SY88.jpg","https://m.media-amazon.com/images/I/71CFdXtKQkL._SY88.jpg",,,"","Sound quality is good with optimum bass and battery life","https://www.amazon.in/gp/customer-reviews/R281UEFZ9FSXSE/ref=cm_cr_arp_d_rvw_ttl?ie=UTF8&ASIN=B08PDGRR32","Reviewed in India on 14 December 2022","Style name: 1200Colour: Black"
"India",,"2022-10-15","true","97","B08PDGRR32","4","Nice product but low bass","https://m.media-amazon.com/images/I/713xMniQWUL._SY88.jpg","https://m.media-amazon.com/images/I/71CFdXtKQkL._SY88.jpg",,,"","Masterpiece","https://www.amazon.in/gp/customer-reviews/R11OCU8B06PYTD/ref=cm_cr_arp_d_rvw_ttl?ie=UTF8&ASIN=B08PDGRR32","Reviewed in India on 15 October 2022","Style name: 1200Colour: Blue"
"India",,"2022-09-27","true","98","B08PDGRR32","4","First of 1200 bass isn’t that much as we expect and it doesn’t connect sometimes automatically apart from that all are goodSound quality , loudness superb","https://m.media-amazon.com/images/I/713xMniQWUL._SY88.jpg","https://m.media-amazon.com/images/I/71CFdXtKQkL._SY88.jpg",,,"3 people found this helpful","Tremendous","https://www.amazon.in/gp/customer-reviews/R1ITRXASENYRSK/ref=cm_cr_arp_d_rvw_ttl?ie=UTF8&ASIN=B08PDGRR32","Reviewed in India on 27 September 2022","Style name: 1200Colour: Black"
"India",,"2022-10-12","true","99","B08PDGRR32","4","Sound quality is ok but battery backup worst","https://m.media-amazon.com/images/I/713xMniQWUL._SY88.jpg","https://m.media-amazon.com/images/I/71CFdXtKQkL._SY88.jpg",,,"","BATTERY BACKUP IS WORST. ITS COMING ONLY 3 HOURS..","https://www.amazon.in/gp/customer-reviews/R28QQTB4DDOC1O/ref=cm_cr_arp_d_rvw_ttl?ie=UTF8&ASIN=B08PDGRR32","Reviewed in India on 12 October 2022","Style name: 1200Colour: Blue"
"India",,"2022-10-03","true","100","B08PDGRR32","4","the bass of the product is avg and not according to the size of the product....","https://m.media-amazon.com/images/I/713xMniQWUL._SY88.jpg","https://m.media-amazon.com/images/I/71CFdXtKQkL._SY88.jpg",,,"One person found this helpful","okish","https://www.amazon.in/gp/customer-reviews/R1SO9A3UDYSWX7/ref=cm_cr_arp_d_rvw_ttl?ie=UTF8&ASIN=B08PDGRR32","Reviewed in India on 3 October 2022","Style name: 1200Colour: Black"
"India","🇮🇳","2022-12-11","true","21","B08PDGRR32","4","speaker is very nice sound quality is also goog and loud too but battery backu is decent not very good","https://m.media-amazon.com/images/I/71V7Lv2YaRL._SY88.jpg","https://m.media-amazon.com/images/I/811zMahaCHL._SY88.jpg","https://m.media-amazon.com/images/I/714iBpbFqUL._SY88.jpg","https://m.media-amazon.com/images/I/71LUs8XLvZL._SY88.jpg","2 people found this helpful","battery backup is not very good it is decent","https://www.amazon.in/gp/customer-reviews/R3VKECB4BHN7XC/ref=cm_cr_arp_d_rvw_ttl?ie=UTF8&ASIN=B08PDGRR32","Reviewed in India 🇮🇳 on 11 December 2022","Style name: 1200Colour: Black"
"India","🇮🇳","2023-02-04","true","22","B08PDGRR32","5","Nice Qualitycrisp soundGood bassBattery is not upto mark but yes will last upto 5-6 hrs","https://m.media-amazon.com/images/I/71V7Lv2YaRL._SY88.jpg","https://m.media-amazon.com/images/I/811zMahaCHL._SY88.jpg","https://m.media-amazon.com/images/I/714iBpbFqUL._SY88.jpg","https://m.media-amazon.com/images/I/71LUs8XLvZL._SY88.jpg","","Nice Speaker","https://www.amazon.in/gp/customer-reviews/R3VYCLGFMKWKE0/ref=cm_cr_arp_d_rvw_ttl?ie=UTF8&ASIN=B08PDGRR32","Reviewed in India 🇮🇳 on 4 February 2023","Style name: 1200Colour: Blue"
"India","🇮🇳","2023-02-14","true","23","B08PDGRR32","3","Ossm deal","https://m.media-amazon.com/images/I/71V7Lv2YaRL._SY88.jpg","https://m.media-amazon.com/images/I/811zMahaCHL._SY88.jpg","https://m.media-amazon.com/images/I/714iBpbFqUL._SY88.jpg","https://m.media-amazon.com/images/I/71LUs8XLvZL._SY88.jpg","","Nice bass is average 😊","https://www.amazon.in/gp/customer-reviews/R1VJXD1O2GUDEZ/ref=cm_cr_arp_d_rvw_ttl?ie=UTF8&ASIN=B08PDGRR32","Reviewed in India 🇮🇳 on 14 February 2023","Style name: 1200Colour: Blue"
"India","🇮🇳","2022-12-15","true","24","B08PDGRR32","4","Compactness/Sound quality/Power Backup.....well designed technology.","https://m.media-amazon.com/images/I/71V7Lv2YaRL._SY88.jpg","https://m.media-amazon.com/images/I/811zMahaCHL._SY88.jpg","https://m.media-amazon.com/images/I/714iBpbFqUL._SY88.jpg","https://m.media-amazon.com/images/I/71LUs8XLvZL._SY88.jpg","","Good portable Speaker....","https://www.amazon.in/gp/customer-reviews/R2V37XS9TPG0Z8/ref=cm_cr_arp_d_rvw_ttl?ie=UTF8&ASIN=B08PDGRR32","Reviewed in India 🇮🇳 on 15 December 2022","Style name: 1200Colour: Blue"
"India","🇮🇳","2022-12-11","true","25","B08PDGRR32","4","Beautiful looking, clear audio, only complaint to battery life","https://m.media-amazon.com/images/I/71V7Lv2YaRL._SY88.jpg","https://m.media-amazon.com/images/I/811zMahaCHL._SY88.jpg","https://m.media-amazon.com/images/I/714iBpbFqUL._SY88.jpg","https://m.media-amazon.com/images/I/71LUs8XLvZL._SY88.jpg","","Only complaint for battery life","https://www.amazon.in/gp/customer-reviews/R180NT2PU5WNXZ/ref=cm_cr_arp_d_rvw_ttl?ie=UTF8&ASIN=B08PDGRR32","Reviewed in India 🇮🇳 on 11 December 2022","Style name: 1200Colour: Black"
"India","🇮🇳","2022-12-11","true","26","B08PDGRR32","4","Life is just 3 ,4 months after that automatically switch off","https://m.media-amazon.com/images/I/71V7Lv2YaRL._SY88.jpg","https://m.media-amazon.com/images/I/811zMahaCHL._SY88.jpg","https://m.media-amazon.com/images/I/714iBpbFqUL._SY88.jpg","https://m.media-amazon.com/images/I/71LUs8XLvZL._SY88.jpg","2 people found this helpful","Quality is not good","https://www.amazon.in/gp/customer-reviews/R18C3J06ZMQ724/ref=cm_cr_arp_d_rvw_ttl?ie=UTF8&ASIN=B08PDGRR32","Reviewed in India 🇮🇳 on 11 December 2022","Style name: 1200Colour: Maroon"
"India","🇮🇳","2023-02-11","true","27","B08PDGRR32","5","","https://m.media-amazon.com/images/I/71V7Lv2YaRL._SY88.jpg","https://m.media-amazon.com/images/I/811zMahaCHL._SY88.jpg","https://m.media-amazon.com/images/I/714iBpbFqUL._SY88.jpg","https://m.media-amazon.com/images/I/71LUs8XLvZL._SY88.jpg","","I am fully satisfied this awesome speaker and sound quality is  awesome.","https://www.amazon.in/gp/customer-reviews/R27Y06VY52VP7A/ref=cm_cr_arp_d_rvw_ttl?ie=UTF8&ASIN=B08PDGRR32","Reviewed in India 🇮🇳 on 11 February 2023","Style name: 1200Colour: Blue"
"India","🇮🇳","2023-01-29","true","28","B08PDGRR32","3","FM and voice assistance is not working even after restart.Return period is also over.What should i do know.","https://m.media-amazon.com/images/I/71V7Lv2YaRL._SY88.jpg","https://m.media-amazon.com/images/I/811zMahaCHL._SY88.jpg","https://m.media-amazon.com/images/I/714iBpbFqUL._SY88.jpg","https://m.media-amazon.com/images/I/71LUs8XLvZL._SY88.jpg","","Not satisfactory","https://www.amazon.in/gp/customer-reviews/R290KE8J2GSQCQ/ref=cm_cr_arp_d_rvw_ttl?ie=UTF8&ASIN=B08PDGRR32","Reviewed in India 🇮🇳 on 29 January 2023","Style name: 1200Colour: Blue"
"India","🇮🇳","2022-12-26","true","29","B08PDGRR32","5","A friend purchased, we had an indoor party (suitable for 5-10 people), we were ALL super impressed. I too purchased, completely happy.Was about to order stone 1450, but eventually preferred 1200 (got some negative feedback about 1450).Bass is super amazing.Coming to prices, they are at higher end. I think they have soared the prices basis the demand of this particular model. I had a voucher, otherwise good if around 3k or 3.5k maximum.Boat website and Amazon have same prices.Trustworthy product delivered by Amazon. Have a barcode on product box for its authenticity.","https://m.media-amazon.com/images/I/71V7Lv2YaRL._SY88.jpg","https://m.media-amazon.com/images/I/811zMahaCHL._SY88.jpg","https://m.media-amazon.com/images/I/714iBpbFqUL._SY88.jpg","https://m.media-amazon.com/images/I/71LUs8XLvZL._SY88.jpg","","Excellent speakers for room parties, prices are soared though","https://www.amazon.in/gp/customer-reviews/R2FXSV2GTX9GJ9/ref=cm_cr_arp_d_rvw_ttl?ie=UTF8&ASIN=B08PDGRR32","Reviewed in India 🇮🇳 on 26 December 2022","Style name: 1200Colour: Blue"
"India","🇮🇳","2022-12-15","true","30","B08PDGRR32","4","Good one, sounds quality depending on connected device, fm not working.","https://m.media-amazon.com/images/I/71V7Lv2YaRL._SY88.jpg","https://m.media-amazon.com/images/I/811zMahaCHL._SY88.jpg","https://m.media-amazon.com/images/I/714iBpbFqUL._SY88.jpg","https://m.media-amazon.com/images/I/71LUs8XLvZL._SY88.jpg","","Good one","https://www.amazon.in/gp/customer-reviews/R3DS5TXP5AN5PP/ref=cm_cr_arp_d_rvw_ttl?ie=UTF8&ASIN=B08PDGRR32","Reviewed in India 🇮🇳 on 15 December 2022","Style name: 1200Colour: Blue"
"India","🇮🇳","2022-12-27","true","51","B08PDGRR32","3","Their is this weird issue that I'm facing 1 year after it's usage. It turns off at higher volumes and that is really disturbing. Thus, I'd recommend not to buy this product",,,,,"","Turns off at higher volumes","https://www.amazon.in/gp/customer-reviews/RSCY6J1HNG47Q/ref=cm_cr_arp_d_rvw_ttl?ie=UTF8&ASIN=B08PDGRR32","Reviewed in India 🇮🇳 on 27 December 2022","Style name: 1200Colour: Black"
"India","🇮🇳","2022-11-24","true","52","B08PDGRR32","4","Though I saw the mixed review honestly I was confused .. since I wanted to gift my mother .. she is very happy",,,,,"One person found this helpful","Worth buy","https://www.amazon.in/gp/customer-reviews/RVTWYG8G6TNJ3/ref=cm_cr_arp_d_rvw_ttl?ie=UTF8&ASIN=B08PDGRR32","Reviewed in India 🇮🇳 on 24 November 2022","Style name: 1200Colour: Blue"
"India","🇮🇳","2022-10-12","true","53","B08PDGRR32","4","Overall good sound for music and voice chat. Battery drains faster if RGB are connected. Should show RGB lights only when sound is playing through speakers to preserve power, but it shows as soon as RGB mode is on. Also button should be more visible. In dark it should illuminate or should be given appropriate color. Buttons are not distinguished in color from body color",,,,,"One person found this helpful","Good speakers but need more finetuning in aesthetics !","https://www.amazon.in/gp/customer-reviews/R1IHEAQ22BHR8U/ref=cm_cr_arp_d_rvw_ttl?ie=UTF8&ASIN=B08PDGRR32","Reviewed in India 🇮🇳 on 12 October 2022","Style name: 1200Colour: Black"
"India","🇮🇳","2022-11-26","true","54","B08PDGRR32","3","This one is beast when I am speaking about the quality of the sound output. But within few months the exact problem started with breaking connectivity with the Bluetooth. And specially the worst part of the product that the battery life has degraded like anything . At first it was giving 4 hours of battery life which now has degraded and came something around 1.5 hours. The base of this 14 watt Bluetooth speaker is the only thing which makes this product stand alone thing in the crowd.",,,,,"","The product is really awesome.","https://www.amazon.in/gp/customer-reviews/R2IOUX8CU2CF5P/ref=cm_cr_arp_d_rvw_ttl?ie=UTF8&ASIN=B08PDGRR32","Reviewed in India 🇮🇳 on 26 November 2022","Style name: 1200Colour: Maroon"
"India","🇮🇳","2022-11-11","true","55","B08PDGRR32","4","Microphone quality is poor cannot be used for calls, otherwise the sound and bass is good.",,,,,"","Microphone quality is poor, cannot be used for calls.","https://www.amazon.in/gp/customer-reviews/R35KWK8PKIGFPB/ref=cm_cr_arp_d_rvw_ttl?ie=UTF8&ASIN=B08PDGRR32","Reviewed in India 🇮🇳 on 11 November 2022","Style name: 1200Colour: Maroon"
"India","🇮🇳","2022-11-14","true","56","B08PDGRR32","4","Bass is just too good. only problem is low battery life.",,,,,"","Best.","https://www.amazon.in/gp/customer-reviews/RZ1AFRPUAV2ZP/ref=cm_cr_arp_d_rvw_ttl?ie=UTF8&ASIN=B08PDGRR32","Reviewed in India 🇮🇳 on 14 November 2022","Style name: 1200Colour: Blue"
"India","🇮🇳","2022-12-11","true","57","B08PDGRR32","3","This thing will not give a good music listening. Just okay for listening the music. Don't expect perfect bass or soud quality it will loud with its maximum volume bOat brand can give us a best quality product but why they don't make those things are good",,,,,"","Boat is loosing there quality in every manner","https://www.amazon.in/gp/customer-reviews/R3L3BY8V4MDYUB/ref=cm_cr_arp_d_rvw_ttl?ie=UTF8&ASIN=B08PDGRR32","Reviewed in India 🇮🇳 on 11 December 2022","Style name: 1200Colour: Blue"
"India","🇮🇳","2022-12-31","true","58","B08PDGRR32","3","Sound is Good,Bluetooth connectivity is okBut Battery life is poor",,,,,"","Battery is not long life","https://www.amazon.in/gp/customer-reviews/RCRHWV6M3ODWG/ref=cm_cr_arp_d_rvw_ttl?ie=UTF8&ASIN=B08PDGRR32","Reviewed in India 🇮🇳 on 31 December 2022","Style name: 1200Colour: Black"
"India","🇮🇳","2022-11-05","true","59","B08PDGRR32","4","Very good quality in terms of pricing and features.Worth buying if you compromise a bit with sound clarity.",,,,,"","Sound quality is not that clear.","https://www.amazon.in/gp/customer-reviews/R3V7VJWQFFOKV1/ref=cm_cr_arp_d_rvw_ttl?ie=UTF8&ASIN=B08PDGRR32","Reviewed in India 🇮🇳 on 5 November 2022","Style name: 1200Colour: Black"
"India","🇮🇳","2022-11-13","true","60","B08PDGRR32","4","Best sound quality on this product.",,,,,"One person found this helpful","Best product","https://www.amazon.in/gp/customer-reviews/R2VVSDZYS3LBT2/ref=cm_cr_arp_d_rvw_ttl?ie=UTF8&ASIN=B08PDGRR32","Reviewed in India 🇮🇳 on 13 November 2022","Style name: 1200Colour: Blue"
"India",,"2022-10-08","true","81","B08PDGRR32","4","I tested it well and really it survived themAnd sound quality was also good too andValuable for your money too",,,,,"","Most amazing in a budget","https://www.amazon.in/gp/customer-reviews/R1ONVIRCQJ76WO?ASIN=B08PDGRR32","Reviewed in India on 8 October 2022","Style name: 1200Colour: Black"
"India",,"2022-12-18","true","82","B08PDGRR32","5","Absolutely in love with this product,  best in class sound ,loud and clear,  bass output is ok, Bluetooth connectivity is good too",,,,,"","Total Thumbs up 👍🏻","https://www.amazon.in/gp/customer-reviews/R1ZHDBJSEGT8RO?ASIN=B08PDGRR32","Reviewed in India on 18 December 2022","Style name: 1200Colour: Maroon"
"India",,"2022-11-23","true","83","B08PDGRR32","3","The product is fabulous but it's battery back up is low and there is a negative point that we cannot switch off the RGB lights in the speaker while we from Bluetooth",,,,,"","The battery back up is low","https://www.amazon.in/gp/customer-reviews/R3NH770YZ22Z5D?ASIN=B08PDGRR32","Reviewed in India on 23 November 2022","Style name: 1200Colour: Black"
"India",,"2022-11-19","true","84","B08PDGRR32","3","1st about the good qualitySound was loud & amazing.Build also very rough and toughNow about the bed qualitiesThe Bluetooth connectivity was the worst.battery life also not up to the mark",,,,,"","Sound good but Bluetooth connectivity is very poor","https://www.amazon.in/gp/customer-reviews/R2XQBOK9CWIYCK?ASIN=B08PDGRR32","Reviewed in India on 19 November 2022","Style name: 1200Colour: Black"
"India",,"2022-10-04","true","85","B08PDGRR32","4","It's battery drain soon in 2 hours with RGB and without RGB only for 3 hours  but sound quality is good",,,,,"One person found this helpful","Improve battery backup","https://www.amazon.in/gp/customer-reviews/R1KDILU8S5PM3D?ASIN=B08PDGRR32","Reviewed in India on 4 October 2022","Style name: 1200Colour: Blue"
"India",,"2022-10-27","true","86","B08PDGRR32","3","Sound quality is good. Highs mids and lows are balanced. The base is sufficient but not good for deep base lovers.I faced some connectivity issues. Within 5 meter sound cracked sometimes. 10 meter range is worst.Control buttons are pathetic. Sometimes times works perfectly but sometimes it's not responding and very lagging.Battery life is average, it's depending on the volume.FM is just a joke.",,,,,"","Connectivity and performance","https://www.amazon.in/gp/customer-reviews/R3RQFAAFF56JDZ?ASIN=B08PDGRR32","Reviewed in India on 27 October 2022","Style name: 1200Colour: Maroon"
"India",,"2022-10-14","true","87","B08PDGRR32","4","It’s  a Great product recommended to go for it",,,,,"","Great product","https://www.amazon.in/gp/customer-reviews/RPMQNF5O9VZP1?ASIN=B08PDGRR32","Reviewed in India on 14 October 2022","Style name: 1200Colour: Maroon"
"India",,"2022-10-14","true","88","B08PDGRR32","4","Product quality and sound is good super bass",,,,,"","Value for money","https://www.amazon.in/gp/customer-reviews/R2FJB2KMHEIMSD?ASIN=B08PDGRR32","Reviewed in India on 14 October 2022","Style name: 1200Colour: Black"
"India",,"2022-12-30","true","89","B08PDGRR32","5","Right for the price",,,,,"","Great product affordable pricee","https://www.amazon.in/gp/customer-reviews/R1JK9RKK7507MS?ASIN=B08PDGRR32","Reviewed in India on 30 December 2022","Style name: 1200Colour: Black"
"India",,"2022-10-27","true","90","B08PDGRR32","3","I bought this speaker at reasonably good price at Rs2499. Played it for four days and found that sound quality is excellent for this price. But I found it's battery backup is way below than what is claimed in its description. It hardly runs for 3 (three) hours at full volume with RGB lights on.  So keep this in mind before buying it.",,,,,"","Boat 1200 Bluetooth speaker","https://www.amazon.in/gp/customer-reviews/R5EW8PBG151W8?ASIN=B08PDGRR32","Reviewed in India on 27 October 2022","Style name: 1200Colour: Maroon"
"India","🇮🇳","2022-10-13","true","41","B08PDGRR32","4","The sound and bass are in sync and sounds good. Even on full volume no distortion sound could be heard. The passive bass radiators works well enhancing the sound beats. Overall good bluetooth speaker at this price. But the battery back up is not as put up in banners. On volume above 60℅ the battery back up is around 6 hrs with led. And the charging time from 10-100 is above 4 hours.","https://m.media-amazon.com/images/I/61CeZBdbvUL._SY88.jpg","https://m.media-amazon.com/images/I/71ArzWOvdJL._SY88.jpg",,,"6 people found this helpful","Good product at this price range","https://www.amazon.in/gp/customer-reviews/R2YCAW9PADU9J2/ref=cm_cr_arp_d_rvw_ttl?ie=UTF8&ASIN=B08PDGRR32","Reviewed in India 🇮🇳 on 13 October 2022","Style name: 1200Colour: Maroon"
"India","🇮🇳","2022-11-27","true","42","B08PDGRR32","4","Nothing","https://m.media-amazon.com/images/I/61CeZBdbvUL._SY88.jpg","https://m.media-amazon.com/images/I/71ArzWOvdJL._SY88.jpg",,,"One person found this helpful","Good Product","https://www.amazon.in/gp/customer-reviews/R96T4B2E02ZJ2/ref=cm_cr_arp_d_rvw_ttl?ie=UTF8&ASIN=B08PDGRR32","Reviewed in India 🇮🇳 on 27 November 2022","Style name: 1200Colour: Blue"
"India","🇮🇳","2023-01-27","true","43","B08PDGRR32","5","Beatry life is low","https://m.media-amazon.com/images/I/61CeZBdbvUL._SY88.jpg","https://m.media-amazon.com/images/I/71ArzWOvdJL._SY88.jpg",,,"","Awesome 😎👍","https://www.amazon.in/gp/customer-reviews/R2EPCAVHWQ0PEF/ref=cm_cr_arp_d_rvw_ttl?ie=UTF8&ASIN=B08PDGRR32","Reviewed in India 🇮🇳 on 27 January 2023","Style name: 1200Colour: Black"
"India","🇮🇳","2022-09-29","true","44","B08PDGRR32","4","the sound produced from this speaker is loud and clear.The bass is the best quality in this speaker.The highs are sharp,the mids are clear and the highs are the best.I like the RGB lighting around the bass radiator.It is pretty big speaker for this price range.The size makes the speaker not portable and coming to the weight it is pretty heavy.I conclude it is a great speaker respective of its sound,the size and the weight are the only cons of this speaker.","https://m.media-amazon.com/images/I/61CeZBdbvUL._SY88.jpg","https://m.media-amazon.com/images/I/71ArzWOvdJL._SY88.jpg",,,"7 people found this helpful","excellent sound and punchy bass,overall a great speaker","https://www.amazon.in/gp/customer-reviews/RIC8YO7ACZGTT/ref=cm_cr_arp_d_rvw_ttl?ie=UTF8&ASIN=B08PDGRR32","Reviewed in India 🇮🇳 on 29 September 2022","Style name: 1200Colour: Maroon"
"India","🇮🇳","2022-11-05","true","45","B08PDGRR32","4","I have only one problem with thisThe battery life of this product is not that goodIt's battery fastly gets drained so I have to charge it many timesExcept this all things are very good👍👍Overall 4 /5","https://m.media-amazon.com/images/I/61CeZBdbvUL._SY88.jpg","https://m.media-amazon.com/images/I/71ArzWOvdJL._SY88.jpg",,,"2 people found this helpful","It's bass and build quality is excellent","https://www.amazon.in/gp/customer-reviews/RF84N183F0KZF/ref=cm_cr_arp_d_rvw_ttl?ie=UTF8&ASIN=B08PDGRR32","Reviewed in India 🇮🇳 on 5 November 2022","Style name: 1200Colour: Maroon"
"India","🇮🇳","2023-01-27","true","46","B08PDGRR32","5","Nice sound quality.","https://m.media-amazon.com/images/I/61CeZBdbvUL._SY88.jpg","https://m.media-amazon.com/images/I/71ArzWOvdJL._SY88.jpg",,,"","Nice speaker.","https://www.amazon.in/gp/customer-reviews/RPSYRDDWIEOFI/ref=cm_cr_arp_d_rvw_ttl?ie=UTF8&ASIN=B08PDGRR32","Reviewed in India 🇮🇳 on 27 January 2023","Style name: 1200Colour: Black"
"India","🇮🇳","2022-11-12","true","47","B08PDGRR32","4","Quality of sound is very good build quality also goodbut redio connectivity is very poorbattery life needs to improve 4 to 4.30 hr battery life.","https://m.media-amazon.com/images/I/61CeZBdbvUL._SY88.jpg","https://m.media-amazon.com/images/I/71ArzWOvdJL._SY88.jpg",,,"One person found this helpful","QUALITY SOUND","https://www.amazon.in/gp/customer-reviews/R2EVLSU37TRNI4/ref=cm_cr_arp_d_rvw_ttl?ie=UTF8&ASIN=B08PDGRR32","Reviewed in India 🇮🇳 on 12 November 2022","Style name: 1200Colour: Maroon"
"India","🇮🇳","2023-01-09","true","48","B08PDGRR32","5","Received on time.. great experience.  . Buy it and enjoy thr roller coaster ride with the bass , sound quality and with THE RGBs ... 😍","https://m.media-amazon.com/images/I/61CeZBdbvUL._SY88.jpg","https://m.media-amazon.com/images/I/71ArzWOvdJL._SY88.jpg",,,"","Value for money","https://www.amazon.in/gp/customer-reviews/R225T0RU6Z3HZ1/ref=cm_cr_arp_d_rvw_ttl?ie=UTF8&ASIN=B08PDGRR32","Reviewed in India 🇮🇳 on 9 January 2023","Style name: 1200Colour: Black"
"India","🇮🇳","2022-11-25","true","49","B08PDGRR32","4","Battery bad","https://m.media-amazon.com/images/I/61CeZBdbvUL._SY88.jpg","https://m.media-amazon.com/images/I/71ArzWOvdJL._SY88.jpg",,,"One person found this helpful","Allover good but battery capacity bad","https://www.amazon.in/gp/customer-reviews/RXBPJ6V9DA399/ref=cm_cr_arp_d_rvw_ttl?ie=UTF8&ASIN=B08PDGRR32","Reviewed in India 🇮🇳 on 25 November 2022","Style name: 1200Colour: Blue"
"India","🇮🇳","2022-11-06","true","50","B08PDGRR32","4","I love the overall design and the sound is loud too. But bass is a little bit below my expectations. I have to use an equaliser app to produce good enough bass. Battery is also good..","https://m.media-amazon.com/images/I/61CeZBdbvUL._SY88.jpg","https://m.media-amazon.com/images/I/71ArzWOvdJL._SY88.jpg",,,"One person found this helpful","Goor product for its price range","https://www.amazon.in/gp/customer-reviews/R3NZI1G7K4PZOW/ref=cm_cr_arp_d_rvw_ttl?ie=UTF8&ASIN=B08PDGRR32","Reviewed in India 🇮🇳 on 6 November 2022","Style name: 1200Colour: Maroon"
"India",,"2023-01-10","true","11","B08PDGRR32","4","Sound quality is simply superb","https://m.media-amazon.com/images/I/710vuzQV3AL._SY88.jpg","https://m.media-amazon.com/images/I/71mOWHwvucL._SY88.jpg","https://m.media-amazon.com/images/I/812LaPWl-rL._SY88.jpg","https://m.media-amazon.com/images/I/81NWEuJ45lL._SY88.jpg","","Nice product","https://www.amazon.in/gp/customer-reviews/R1GNSNIKRHZHFG/ref=cm_cr_arp_d_rvw_ttl?ie=UTF8&ASIN=B08PDGRR32","Reviewed in India on 10 January 2023","Style name: 1200Colour: Black"
"India",,"2023-01-11","true","12","B08PDGRR32","4","Bty prblm","https://m.media-amazon.com/images/I/710vuzQV3AL._SY88.jpg","https://m.media-amazon.com/images/I/71mOWHwvucL._SY88.jpg","https://m.media-amazon.com/images/I/812LaPWl-rL._SY88.jpg","https://m.media-amazon.com/images/I/81NWEuJ45lL._SY88.jpg","","Bty pbm","https://www.amazon.in/gp/customer-reviews/RROLEY1CNRPCC/ref=cm_cr_arp_d_rvw_ttl?ie=UTF8&ASIN=B08PDGRR32","Reviewed in India on 11 January 2023","Style name: 1200Colour: Blue"
"India",,"2023-01-11","true","13","B08PDGRR32","4","Not crystal clear sound but loud and bass is ossom","https://m.media-amazon.com/images/I/710vuzQV3AL._SY88.jpg","https://m.media-amazon.com/images/I/71mOWHwvucL._SY88.jpg","https://m.media-amazon.com/images/I/812LaPWl-rL._SY88.jpg","https://m.media-amazon.com/images/I/81NWEuJ45lL._SY88.jpg","3 people found this helpful","Not bad in these price range good product with good sound","https://www.amazon.in/gp/customer-reviews/RF0YAYBF2SN52/ref=cm_cr_arp_d_rvw_ttl?ie=UTF8&ASIN=B08PDGRR32","Reviewed in India on 11 January 2023","Style name: 1200Colour: Black"
"India",,"2022-12-25","true","14","B08PDGRR32","4","I am using this speaker and the bluetooth often get disconnected by its own from my phone rest all are godd speakers are quite good and loud for the 14w speakers but the price was high.","https://m.media-amazon.com/images/I/710vuzQV3AL._SY88.jpg","https://m.media-amazon.com/images/I/71mOWHwvucL._SY88.jpg","https://m.media-amazon.com/images/I/812LaPWl-rL._SY88.jpg","https://m.media-amazon.com/images/I/81NWEuJ45lL._SY88.jpg","","battery and BT connectivity not upto the mark","https://www.amazon.in/gp/customer-reviews/R22ORTBMQ8IXMW/ref=cm_cr_arp_d_rvw_ttl?ie=UTF8&ASIN=B08PDGRR32","Reviewed in India on 25 December 2022","Style name: 1200Colour: Maroon"
"India",,"2023-01-06","true","15","B08PDGRR32","4","Carry strep nhi diya gya iske sath","https://m.media-amazon.com/images/I/710vuzQV3AL._SY88.jpg","https://m.media-amazon.com/images/I/71mOWHwvucL._SY88.jpg","https://m.media-amazon.com/images/I/812LaPWl-rL._SY88.jpg","https://m.media-amazon.com/images/I/81NWEuJ45lL._SY88.jpg","","Sound quality is good","https://www.amazon.in/gp/customer-reviews/R3V51U45I4IW4D/ref=cm_cr_arp_d_rvw_ttl?ie=UTF8&ASIN=B08PDGRR32","Reviewed in India on 6 January 2023","Style name: 1200Colour: Black"
"India",,"2023-02-12","true","16","B08PDGRR32","5","Sound is not clear in full volumes I think money is enough but the quality is not enough and the bluetooth indicator or level of charge suddenly increase and decrease The cover or cloth materials is not good it is not stiky.","https://m.media-amazon.com/images/I/710vuzQV3AL._SY88.jpg","https://m.media-amazon.com/images/I/71mOWHwvucL._SY88.jpg","https://m.media-amazon.com/images/I/812LaPWl-rL._SY88.jpg","https://m.media-amazon.com/images/I/81NWEuJ45lL._SY88.jpg","","Honestly reviewing about boat 1200.","https://www.amazon.in/gp/customer-reviews/R13AWPERT9XEWB/ref=cm_cr_arp_d_rvw_ttl?ie=UTF8&ASIN=B08PDGRR32","Reviewed in India on 12 February 2023","Style name: 1200Colour: Blue"
"India",,"2023-01-05","true","17","B08PDGRR32","4","Go for it","https://m.media-amazon.com/images/I/710vuzQV3AL._SY88.jpg","https://m.media-amazon.com/images/I/71mOWHwvucL._SY88.jpg","https://m.media-amazon.com/images/I/812LaPWl-rL._SY88.jpg","https://m.media-amazon.com/images/I/81NWEuJ45lL._SY88.jpg","","Value for money","https://www.amazon.in/gp/customer-reviews/R2L77QAGCQG31W/ref=cm_cr_arp_d_rvw_ttl?ie=UTF8&ASIN=B08PDGRR32","Reviewed in India on 5 January 2023","Style name: 1200Colour: Black"
"India",,"2022-12-18","true","18","B08PDGRR32","4","Bought this for my mother who is used to play devotional songs in the morning... Good sound. For film songs reasonable bass. Battery lasts for about 7 Hrs as in specs..But since control buttons are total black difficult to identify which button for what.","https://m.media-amazon.com/images/I/710vuzQV3AL._SY88.jpg","https://m.media-amazon.com/images/I/71mOWHwvucL._SY88.jpg","https://m.media-amazon.com/images/I/812LaPWl-rL._SY88.jpg","https://m.media-amazon.com/images/I/81NWEuJ45lL._SY88.jpg","4 people found this helpful","Good product. Value for money","https://www.amazon.in/gp/customer-reviews/REMI9TIKT3TB7/ref=cm_cr_arp_d_rvw_ttl?ie=UTF8&ASIN=B08PDGRR32","Reviewed in India on 18 December 2022","Style name: 1200Colour: Blue"
"India",,"2023-01-04","true","19","B08PDGRR32","5","BoAt Stone 1200 Speaker खतरनाक है खतरनाक मै इस स्पीकर को और स्पीकर जहाँ - जहाँ गया है वहाँ पर इस स्पीकर ने अपना एक अलग से पहचान बनाया है। जब स्पीकर बजता है और उसमे से जो तभाई वाला बैस निकलता है सुन और महसूस करके बस यही कहता बडा बवाल चीज है रे, फिर भी किसी मे तगड़ा खुभी हो और उस मे एक भी कमी न हो ऐसा नही हो सकता ऐसा ही इसमें है मै जब कभी स्पीकर को लगभग 20 - 30  अवाज या वाल्यूम मे कभी सुनता हू तो इस स्पीकर से एक प्रकार का ( हीस ) जैसा अवाज आता है जो बहुत ही बेकार सा मुझको लगता है।","https://m.media-amazon.com/images/I/710vuzQV3AL._SY88.jpg","https://m.media-amazon.com/images/I/71mOWHwvucL._SY88.jpg","https://m.media-amazon.com/images/I/812LaPWl-rL._SY88.jpg","https://m.media-amazon.com/images/I/81NWEuJ45lL._SY88.jpg","One person found this helpful","फाडु स्पीकर🎶🎶🎶🎶🎶⚡⚡💯💯","https://www.amazon.in/gp/customer-reviews/R3Q5L13LKVI3AQ/ref=cm_cr_arp_d_rvw_ttl?ie=UTF8&ASIN=B08PDGRR32","Reviewed in India on 4 January 2023","Style name: 1200Colour: Maroon"
"India",,"2022-12-18","true","20","B08PDGRR32","4","The product is amazing in this rate but the battery life could be more extended.","https://m.media-amazon.com/images/I/710vuzQV3AL._SY88.jpg","https://m.media-amazon.com/images/I/71mOWHwvucL._SY88.jpg","https://m.media-amazon.com/images/I/812LaPWl-rL._SY88.jpg","https://m.media-amazon.com/images/I/81NWEuJ45lL._SY88.jpg","","Not long lasting","https://www.amazon.in/gp/customer-reviews/R6PASDKIX3ZX9/ref=cm_cr_arp_d_rvw_ttl?ie=UTF8&ASIN=B08PDGRR32","Reviewed in India on 18 December 2022","Style name: 1200Colour: Black"
